Date,High,Low,Mid,Last,Bid,Ask,Volume,First
2021-04-22,0.31019,0.2542,0.263865,0.26612,0.26339,0.26434,39148061.68079271,0.30876
2021-04-23,0.26808,0.17949,0.243185,0.24357,0.24295,0.24342,71696831.83517075,0.26612
2021-04-24,0.29,0.2289,0.27064,0.2716,0.27035,0.27093,36720388.2750171,0.24357
2021-04-25,0.2894,0.22532,0.25075,0.25088,0.25035,0.25115,15298390.58727593,0.2716
2021-04-26,0.28066,0.248,0.26923,0.26911,0.26893,0.26953,19695685.87445109,0.25088
2021-04-27,0.28008,0.26508,0.271455,0.27121,0.27123,0.27168,12800312.71500599,0.26911
2021-04-28,0.34471,0.25594,0.31829,0.31883,0.31807,0.31851,42950623.56540682,0.27121
2021-04-29,0.32635,0.29628,0.30803,0.30837,0.30774,0.30832,13930279.41269487,0.31883
2021-04-30,0.33954,0.30272,0.33548,0.33579,0.33539,0.33557,10828122.55516993,0.30837
2021-05-01,0.39206,0.32782,0.382835,0.38282,0.38242,0.38325,20007991.1316022,0.33579
2021-05-02,0.39976,0.362,0.38229,0.38258,0.38195,0.38263,17484410.37294091,0.38282
2021-05-03,0.44684,0.3726,0.44418,0.444,0.44369,0.44467,17062808.38124538,0.38258
2021-05-04,0.60889,0.3973,0.55104,0.55147,0.55043,0.55165,91931975.2236514,0.444
2021-05-05,0.695,0.532,0.661735,0.66289,0.66109,0.66238,107560494.92333075,0.55147
2021-05-06,0.67327,0.54238,0.59119,0.59184,0.59066,0.59172,40974472.61215654,0.66289
2021-05-07,0.73478,0.51733,0.69271,0.69246,0.69171,0.69371,89683830.2401984,0.59184
2021-05-08,0.74146,0.60077,0.64663,0.64708,0.64617,0.64709,104852178.32071465,0.69246
2021-05-09,0.6999,0.42393,0.570265,0.57056,0.56955,0.57098,254985157.68260852,0.64708
2021-05-10,0.58323,0.4224,0.45342,0.45337,0.45313,0.45371,92272784.2507716,0.57056
2021-05-11,0.54678,0.43494,0.499055,0.49851,0.49851,0.4996,78043721.63901436,0.45337
2021-05-12,0.52184,0.43126,0.457445,0.45785,0.45711,0.45778,47462315.86329923,0.49851
2021-05-13,0.51926,0.36131,0.496815,0.49558,0.49588,0.49775,129575391.08839624,0.45785
2021-05-14,0.59093,0.46463,0.5609,0.56128,0.5605,0.5613,111063420.58914289,0.49558
2021-05-15,0.5711,0.49139,0.510675,0.50944,0.51004,0.51131,44119697.98476645,0.56128
2021-05-16,0.5498,0.45196,0.5008,0.50207,0.50018,0.50142,39558193.99246836,0.50944
2021-05-17,0.52085,0.45839,0.48176,0.48244,0.48142,0.4821,40712748.64150939,0.50207
2021-05-18,0.51516,0.46944,0.474935,0.47515,0.47472,0.47515,24502186.85175479,0.48244
2021-05-19,0.47954,0.22584,0.34801,0.34625,0.34739,0.34863,232839846.7570971,0.47515
2021-05-20,0.43472,0.29513,0.40405,0.40499,0.40372,0.40438,85654884.30292249,0.34625
2021-05-21,0.41246,0.31478,0.36008,0.36057,0.35981,0.36035,57049364.11858297,0.40499
2021-05-22,0.36531,0.31781,0.349525,0.34986,0.3494,0.34965,20596328.2966347,0.36057
2021-05-23,0.352,0.24957,0.30342,0.30306,0.30307,0.30377,73400752.04546171,0.34986
2021-05-24,0.37598,0.29594,0.35869,0.35876,0.35862,0.35876,45750424.60894924,0.30306
2021-05-25,0.38,0.32318,0.34805,0.34825,0.34785,0.34825,36569720.86960279,0.35876
2021-05-26,0.36776,0.33747,0.349135,0.34959,0.34896,0.34931,15709175.65130038,0.34825
2021-05-27,0.355,0.32724,0.332275,0.33187,0.33208,0.33247,11224713.7934182,0.34959
2021-05-28,0.34782,0.30031,0.307645,0.30729,0.3074,0.30789,23330717.57680804,0.33187
2021-05-29,0.31804,0.28,0.297605,0.29763,0.29738,0.29783,11510442.65516738,0.30729
2021-05-30,0.31072,0.28621,0.303125,0.30303,0.30293,0.30332,4495381.42137326,0.29763
2021-05-31,0.33,0.29382,0.32526,0.32549,0.32503,0.32549,6818426.91233231,0.30303
2021-06-01,0.37819,0.31085,0.37675,0.37561,0.37633,0.37717,23056290.67988303,0.32549
2021-06-02,0.44689,0.35142,0.42744,0.42777,0.42712,0.42776,54999878.34896087,0.37561
2021-06-03,0.44149,0.37727,0.394965,0.39468,0.39467,0.39526,33652326.75336221,0.42777
2021-06-04,0.40243,0.3502,0.374715,0.37429,0.37431,0.37512,34585553.42529269,0.39468
2021-06-05,0.39501,0.36038,0.370705,0.37011,0.3704,0.37101,14721782.1935802,0.37429
2021-06-06,0.37699,0.3666,0.37081,0.37108,0.37057,0.37105,5935826.27839009,0.37011
2021-06-07,0.38,0.33038,0.33881,0.33903,0.33859,0.33903,21810093.95641415,0.37108
2021-06-08,0.3417,0.29638,0.331795,0.33195,0.33164,0.33195,24393733.16703717,0.33903
2021-06-09,0.35424,0.31282,0.34391,0.3441,0.34372,0.3441,13452448.23573818,0.33195
2021-06-10,0.34582,0.32237,0.329035,0.32912,0.32883,0.32924,6266681.76114448,0.3441
2021-06-11,0.33404,0.31057,0.31704,0.3167,0.31689,0.31719,6598745.72334608,0.32912
2021-06-12,0.32074,0.3008,0.31431,0.31454,0.31405,0.31457,4884584.29957394,0.3167
2021-06-13,0.33036,0.30748,0.32111,0.32136,0.32086,0.32136,8098427.2080998,0.31454
2021-06-14,0.3378,0.31981,0.32618,0.32641,0.32599,0.32637,7608278.92884934,0.32136
2021-06-15,0.33052,0.31636,0.320645,0.32081,0.32048,0.32081,5482092.89211533,0.32641
2021-06-16,0.32141,0.30499,0.3078,0.3072,0.30759,0.30801,9081485.51244833,0.32081
2021-06-17,0.31401,0.30243,0.306975,0.30676,0.30676,0.30719,3874914.99201777,0.3072
2021-06-18,0.30777,0.27984,0.29124,0.2911,0.29105,0.29143,8293926.58727488,0.30676
2021-06-19,0.29831,0.28598,0.288685,0.28885,0.2885,0.28887,2658073.11614653,0.2911
2021-06-20,0.2906,0.25558,0.282825,0.28254,0.2826,0.28305,11064687.3858874,0.28885
2021-06-21,0.28377,0.166,0.1821,0.18167,0.18174,0.18246,49244596.18691151,0.28254
2021-06-22,0.21724,0.16422,0.19,0.19007,0.18985,0.19015,77795538.8163322,0.18167
2021-06-23,0.24871,0.18071,0.23027,0.22992,0.23004,0.2305,50125350.02055345,0.19007
2021-06-24,0.26946,0.22194,0.262515,0.26245,0.26236,0.26267,29762160.86686719,0.22992
2021-06-25,0.28976,0.22856,0.239985,0.23963,0.23984,0.24013,88493356.0723229,0.26245
2021-06-26,0.25526,0.2306,0.24148,0.24167,0.24131,0.24165,27487882.20877999,0.23963
2021-06-27,0.25453,0.23953,0.25243,0.25222,0.25224,0.25262,19529278.01646929,0.24167
2021-06-28,0.26773,0.25055,0.254305,0.25459,0.25407,0.25454,15695962.72533879,0.25222
2021-06-29,0.27567,0.25242,0.262985,0.26269,0.26269,0.26328,9754442.15091971,0.25459
2021-06-30,0.26547,0.24648,0.25334,0.25346,0.25313,0.25355,13529294.30505085,0.26269
2021-07-01,0.26102,0.2375,0.24524,0.24514,0.24507,0.24541,30455103.23420298,0.25346
2021-07-02,0.24939,0.23824,0.245375,0.24563,0.24512,0.24563,5850508.84257852,0.24514
2021-07-03,0.25033,0.242,0.24448,0.24468,0.24427,0.24469,2171837.89574594,0.24563
2021-07-04,0.25348,0.24333,0.24588,0.24555,0.2457,0.24606,2483110.0122237,0.24468
2021-07-05,0.24754,0.22602,0.235065,0.23496,0.23492,0.23521,9143074.23709806,0.24555
2021-07-06,0.24207,0.22922,0.23404,0.2341,0.2339,0.23418,5897511.69081956,0.23496
2021-07-07,0.23889,0.22075,0.223235,0.22351,0.22296,0.22351,5166978.57620969,0.2341
2021-07-08,0.22507,0.20086,0.20611,0.20627,0.20594,0.20628,6408460.6038491,0.22351
2021-07-09,0.22922,0.19473,0.220025,0.22004,0.21979,0.22026,14923272.30688386,0.20627
2021-07-10,0.22802,0.20951,0.215015,0.21521,0.21484,0.21519,6347688.39328582,0.22004
2021-07-11,0.219,0.21051,0.216395,0.21655,0.21624,0.21655,2665967.38986166,0.21521
2021-07-12,0.21909,0.2036,0.20827,0.20817,0.20817,0.20837,4265913.59606573,0.21655
2021-07-13,0.2094,0.1973,0.19932,0.19954,0.19912,0.19952,8191114.06115605,0.20817
2021-07-14,0.20465,0.18723,0.19738,0.19726,0.19733,0.19743,3837574.58630546,0.19954
2021-07-15,0.20105,0.1805,0.18577,0.18605,0.1856,0.18594,5473430.1277178,0.19726
2021-07-16,0.18852,0.17365,0.174815,0.17483,0.17471,0.17492,9903427.94687463,0.18605
2021-07-17,0.20533,0.16893,0.18579,0.1857,0.18557,0.18601,48355858.13589522,0.17483
2021-07-18,0.19631,0.18032,0.18136,0.18147,0.18119,0.18153,16000122.56271667,0.1857
2021-07-19,0.18467,0.17045,0.17456,0.17444,0.17437,0.17475,6136485.07753088,0.18147
2021-07-20,0.17993,0.16,0.16887,0.16898,0.16876,0.16898,11276242.37150215,0.17444
2021-07-21,0.21446,0.16837,0.189245,0.18922,0.18914,0.18935,89807266.49395066,0.16898
2021-07-22,0.19655,0.18649,0.190715,0.19073,0.19057,0.19086,14375261.78094097,0.18922
2021-07-23,0.19993,0.18329,0.19264,0.1926,0.19253,0.19275,11058460.61293036,0.19073
2021-07-24,0.2049,0.19125,0.19526,0.19538,0.19513,0.19539,17159398.40690008,0.1926
2021-07-25,0.20079,0.1912,0.19609,0.19593,0.19593,0.19625,8140785.73689267,0.19538
2021-07-26,0.23338,0.19532,0.20567,0.20537,0.20556,0.20578,45451148.94206776,0.19593
2021-07-27,0.20953,0.19507,0.204795,0.20496,0.20465,0.20494,12644307.59884247,0.20537
2021-07-28,0.21388,0.20166,0.204825,0.20473,0.20469,0.20496,11953002.74661728,0.20496
2021-07-29,0.2065,0.20021,0.204595,0.20473,0.20447,0.20472,4380482.38628453,0.20473
2021-07-30,0.21074,0.19618,0.207425,0.20746,0.20729,0.20756,12687349.93349274,0.20473
2021-07-31,0.21462,0.20405,0.2093,0.2091,0.20919,0.20941,10155276.95249063,0.20746
2021-08-01,0.21783,0.20585,0.207645,0.20754,0.20754,0.20775,14319249.03057486,0.2091
2021-08-02,0.20997,0.2015,0.20503,0.20515,0.20488,0.20518,13000773.019595841,0.20754
2021-08-03,0.20506,0.19341,0.19729,0.19738,0.1972,0.19738,5284494.42781404,0.20515
2021-08-04,0.2033,0.19412,0.201215,0.20131,0.2011,0.20133,4569188.54645282,0.19738
2021-08-05,0.20272,0.19454,0.20187,0.20174,0.20174,0.202,8570659.69185372,0.20131
2021-08-06,0.2118,0.19848,0.20569,0.20598,0.20555,0.20583,8495773.43232562,0.20174
2021-08-07,0.25287,0.2036,0.2493,0.24945,0.24915,0.24945,58427203.40677802,0.20598
2021-08-08,0.28375,0.23501,0.24572,0.24561,0.24554,0.2459,99857210.31120597,0.24945
2021-08-09,0.26643,0.23164,0.25693,0.2568,0.2567,0.25716,82369980.26873335,0.24561
2021-08-10,0.26338,0.245,0.25521,0.25553,0.25499,0.25543,23163926.56408841,0.2568
2021-08-11,0.28291,0.254,0.26625,0.26584,0.26601,0.26649,55629405.50696028,0.25553
2021-08-12,0.29504,0.25217,0.261905,0.26224,0.2617,0.26211,76596553.60570657,0.26584
2021-08-13,0.28459,0.26006,0.2828,0.28294,0.28265,0.28295,36069443.38821227,0.26224
2021-08-14,0.2985,0.2761,0.2907,0.29069,0.29046,0.29094,28296746.91828857,0.28294
2021-08-15,0.34982,0.28631,0.33998,0.34006,0.33971,0.34025,56292071.67330664,0.29069
2021-08-16,0.352,0.31015,0.322005,0.32155,0.32168,0.32233,34349581.18843704,0.34006
2021-08-17,0.34005,0.29435,0.303245,0.30303,0.30303,0.30346,47316329.64870378,0.32155
2021-08-18,0.32546,0.27742,0.30797,0.30822,0.30773,0.30821,64867430.52334582,0.30303
2021-08-19,0.3195,0.29397,0.31401,0.31385,0.31382,0.3142,23995066.57884368,0.30822
2021-08-20,0.33392,0.31377,0.3245,0.32397,0.32436,0.32464,30534245.04790203,0.31385
2021-08-21,0.32981,0.31411,0.319945,0.32054,0.31978,0.32011,15848029.98376823,0.32397
2021-08-22,0.3238,0.30489,0.315395,0.31541,0.31538,0.31541,19176769.37442484,0.32054
2021-08-23,0.3281,0.31278,0.31848,0.31851,0.31832,0.31864,16698115.01864492,0.31541
2021-08-24,0.31991,0.27627,0.295485,0.29558,0.29539,0.29558,31524374.31553953,0.31851
2021-08-25,0.29704,0.2795,0.29195,0.29194,0.29186,0.29204,21627897.87759776,0.29558
2021-08-26,0.29607,0.26434,0.271905,0.27173,0.2718,0.27201,25856643.68876827,0.29194
2021-08-27,0.29509,0.26485,0.293925,0.29383,0.29392,0.29393,21874993.48170715,0.27173
2021-08-28,0.29948,0.28307,0.28509,0.28495,0.285,0.28518,8579891.47593625,0.29383
2021-08-29,0.29206,0.2765,0.28226,0.28242,0.28214,0.28238,7784372.71471141,0.28495
2021-08-30,0.2906,0.27149,0.27311,0.27319,0.27301,0.27321,11547991.83025936,0.28242
2021-08-31,0.28628,0.2699,0.277005,0.277,0.27698,0.27703,13721942.32916975,0.27319
2021-09-01,0.29411,0.273,0.29216,0.29199,0.29198,0.29234,19638395.54575958,0.277
2021-09-02,0.30972,0.29106,0.297655,0.29786,0.29765,0.29766,37818281.03910112,0.29199
2021-09-03,0.30475,0.28753,0.293625,0.29354,0.29354,0.29371,28568730.61622597,0.29786
2021-09-04,0.30881,0.29289,0.29872,0.29909,0.29865,0.29879,32987303.8473765,0.29354
2021-09-05,0.31433,0.29591,0.31307,0.31302,0.31301,0.31313,40639818.26366517,0.29909
2021-09-06,0.3198,0.30044,0.30738,0.30759,0.3073,0.30746,62638965.84197849,0.31302
2021-09-07,0.31133,0.21,0.25085,0.25074,0.25079,0.25091,136015729.49801415,0.30759
2021-09-08,0.26312,0.23387,0.25831,0.25802,0.25817,0.25845,63791894.1504322,0.25074
2021-09-09,0.25967,0.24875,0.25442,0.25456,0.25437,0.25447,39028494.82958028,0.25802
2021-09-10,0.26224,0.23542,0.238455,0.23854,0.23845,0.23846,35980543.02624643,0.25456
2021-09-11,0.24808,0.23772,0.24015,0.24016,0.24012,0.24018,48682069.48669427,0.23854
2021-09-12,0.25506,0.23891,0.25448,0.25442,0.25442,0.25454,26116235.87520551,0.24016
2021-09-13,0.25509,0.2281,0.23647,0.23641,0.23635,0.23659,27668034.35495969,0.25442
2021-09-14,0.2418,0.23373,0.239795,0.23982,0.23977,0.23982,10402572.30241354,0.23641
2021-09-15,0.2483,0.23893,0.247665,0.24757,0.24757,0.24776,10296237.22363236,0.23982
2021-09-16,0.24796,0.23347,0.23981,0.2396,0.23979,0.23983,12367529.28045955,0.24757
2021-09-17,0.25992,0.23758,0.239745,0.23972,0.23968,0.23981,25706350.16769317,0.2396
2021-09-18,0.24756,0.23802,0.241265,0.2413,0.24115,0.24138,13089091.17083564,0.23972
2021-09-19,0.24186,0.23068,0.231375,0.23125,0.23134,0.23141,8478261.79153629,0.2413
2021-09-20,0.23349,0.19918,0.2071,0.20725,0.20709,0.20711,41087960.47934615,0.23125
2021-09-21,0.21849,0.1979,0.20171,0.20198,0.2016,0.20182,42067103.69250459,0.20725
2021-09-22,0.23059,0.19757,0.22475,0.2249,0.2247,0.2248,31291964.22224868,0.20198
2021-09-23,0.22737,0.21759,0.22303,0.22311,0.22296,0.2231,10516473.29092173,0.2249
2021-09-24,0.22898,0.19682,0.20972,0.20962,0.20964,0.2098,26260177.72682009,0.22311
2021-09-25,0.21306,0.20444,0.208025,0.20801,0.208,0.20805,8019632.18348387,0.20962
2021-09-26,0.21038,0.19424,0.204635,0.20453,0.20456,0.20471,13371775.18727444,0.20801
2021-09-27,0.20955,0.20032,0.20185,0.20186,0.20179,0.20191,5079558.99061001,0.20453
2021-09-28,0.20279,0.19678,0.19834,0.19859,0.19832,0.19836,5097515.48010048,0.20186
2021-09-29,0.20437,0.19461,0.197305,0.1973,0.19729,0.19732,10773968.96575227,0.19859
2021-09-30,0.20594,0.19691,0.203545,0.20356,0.20354,0.20355,10198340.67672153,0.1973
2021-10-01,0.22573,0.20173,0.22074,0.22086,0.22067,0.22081,15241088.03131365,0.20356
2021-10-02,0.225,0.21507,0.22244,0.22252,0.22236,0.22252,12188423.46814219,0.22086
2021-10-03,0.22674,0.21568,0.22037,0.22032,0.22028,0.22046,12063471.6434899,0.22252
2021-10-04,0.24813,0.21259,0.248045,0.2477,0.24791,0.24818,50419700.70441512,0.22032
2021-10-05,0.26836,0.23265,0.252785,0.25285,0.25269,0.25288,44412560.77685207,0.2477
2021-10-06,0.2718,0.24228,0.251485,0.25119,0.25138,0.25159,44933823.01978725,0.25285
2021-10-07,0.25697,0.23591,0.242835,0.24281,0.24275,0.24292,32858372.55326398,0.25119
2021-10-08,0.25513,0.24118,0.244185,0.24412,0.24411,0.24426,18519054.12795831,0.24281
2021-10-09,0.25278,0.24058,0.24766,0.24774,0.24758,0.24774,15332353.30913627,0.24412
2021-10-10,0.24871,0.22622,0.23173,0.23177,0.23167,0.23179,22028791.98904409,0.24774
2021-10-11,0.23933,0.22512,0.22987,0.22996,0.22979,0.22995,13677411.84183365,0.23177
2021-10-12,0.23156,0.21614,0.226375,0.22632,0.22625,0.2265,24016643.82007053,0.22996
2021-10-13,0.23408,0.22067,0.232335,0.23226,0.23226,0.23241,6884251.0285404,0.22632
2021-10-14,0.24017,0.23119,0.23335,0.23338,0.23329,0.23341,13027126.45476168,0.23226
2021-10-15,0.24363,0.22401,0.234185,0.23419,0.23418,0.23419,22874132.30832987,0.23338
2021-10-16,0.24586,0.23369,0.237895,0.23793,0.23782,0.23797,17575810.90122165,0.23419
2021-10-17,0.242,0.22537,0.23717,0.23722,0.23707,0.23727,15755342.72180969,0.23793
2021-10-18,0.27267,0.23696,0.24701,0.24706,0.24695,0.24707,53133107.66915368,0.23722
2021-10-19,0.25507,0.24002,0.2455,0.24541,0.24544,0.24556,21441322.79754333,0.24706
2021-10-20,0.26167,0.24205,0.25486,0.25487,0.25482,0.2549,19471013.774884902,0.24541
2021-10-21,0.25845,0.24032,0.245375,0.24547,0.24528,0.24547,22187589.60825917,0.25487
2021-10-22,0.25296,0.235,0.245815,0.24577,0.24577,0.24586,40317234.10121206,0.24547
2021-10-23,0.25436,0.24124,0.248975,0.24892,0.24892,0.24903,21781048.96114369,0.24577
2021-10-24,0.27064,0.2458,0.268015,0.26795,0.26796,0.26807,52484284.34874917,0.24892
2021-10-25,0.28296,0.25855,0.26459,0.26447,0.26451,0.26467,45332599.70543075,0.26795
2021-10-26,0.27435,0.2518,0.256235,0.2562,0.25616,0.25631,27205294.77326893,0.26447
2021-10-27,0.26355,0.21832,0.239535,0.23965,0.23947,0.2396,118534522.00989117,0.2562
2021-10-28,0.33981,0.23237,0.298135,0.29813,0.29813,0.29814,334647795.2765094,0.23965
2021-10-29,0.30696,0.27721,0.286015,0.28589,0.28595,0.28608,97639255.73002042,0.29813
2021-10-30,0.29491,0.25849,0.265915,0.26604,0.26586,0.26597,60144123.05967272,0.28589
2021-10-31,0.2848,0.25242,0.28276,0.28267,0.28263,0.28289,96424810.37294073,0.26604
2021-11-01,0.28624,0.26379,0.271795,0.27188,0.27178,0.27181,54596681.6751133,0.28267
2021-11-02,0.281,0.26702,0.272925,0.27302,0.27287,0.27298,34634186.28022906,0.27188
2021-11-03,0.27787,0.2631,0.26799,0.26803,0.26792,0.26806,35511485.59089732,0.27302
2021-11-04,0.27093,0.25423,0.262785,0.26286,0.26274,0.26283,26483540.7883073,0.26803
2021-11-05,0.27065,0.25688,0.25942,0.25947,0.25937,0.25947,19970535.40274573,0.26286
2021-11-06,0.2677,0.25002,0.26199,0.26199,0.26196,0.26202,10924575.75633237,0.25947
2021-11-07,0.26992,0.25881,0.26612,0.26618,0.2661,0.26614,18830210.20352672,0.26199
2021-11-08,0.29669,0.26448,0.27959,0.27962,0.27956,0.27962,94230537.88883501,0.26618
2021-11-09,0.29,0.2719,0.273495,0.27352,0.27344,0.27355,48023811.59137451,0.27962
2021-11-10,0.27701,0.23641,0.25564,0.25569,0.25559,0.25569,81453911.27902456,0.27352
2021-11-11,0.27151,0.2533,0.261645,0.26175,0.2616,0.26169,41935362.0926613,0.25569
2021-11-12,0.26848,0.24889,0.259775,0.25962,0.25973,0.25982,47033707.33844715,0.26175
2021-11-13,0.2623,0.25449,0.26143,0.26153,0.26139,0.26147,24978726.24700668,0.25962
2021-11-14,0.27208,0.26,0.26417,0.26412,0.26413,0.26421,31127260.74601406,0.26153
2021-11-15,0.26503,0.25024,0.25147,0.25104,0.25142,0.25152,15178158.812700659,0.26412
2021-11-16,0.25423,0.2234,0.238685,0.23877,0.23863,0.23874,56123250.72634183,0.25104
2021-11-17,0.24131,0.22984,0.23839,0.23836,0.23832,0.23846,23216130.20631447,0.23877
2021-11-18,0.24147,0.2158,0.22195,0.222,0.22191,0.22199,37756558.74312762,0.23836
2021-11-19,0.23741,0.21652,0.23536,0.23546,0.23527,0.23545,28041887.34383003,0.222
2021-11-20,0.23622,0.2257,0.232905,0.23284,0.23284,0.23297,13344405.59609921,0.23546
2021-11-21,0.23325,0.22383,0.225135,0.22502,0.22504,0.22523,18671033.63732702,0.23284
2021-11-22,0.22784,0.21711,0.218185,0.21826,0.21811,0.21826,16695715.03899108,0.22502
2021-11-23,0.23672,0.21389,0.226855,0.22675,0.22681,0.2269,50738464.32332759,0.21826
2021-11-24,0.23095,0.21137,0.214545,0.21475,0.21437,0.21472,21674813.18043548,0.22675
2021-11-25,0.22933,0.21477,0.22113,0.22128,0.22108,0.22118,23406326.24302943,0.21475
2021-11-26,0.22154,0.18846,0.20371,0.20379,0.20362,0.2038,68035540.9585176,0.22128
2021-11-27,0.20964,0.20228,0.204185,0.20417,0.20411,0.20426,14959230.05748522,0.20379
2021-11-28,0.20846,0.19169,0.207765,0.20783,0.20776,0.20777,23087622.8583711,0.20417
2021-11-29,0.22562,0.20279,0.216925,0.21682,0.21684,0.21701,46284079.29616109,0.20783
2021-11-30,0.22745,0.21293,0.2156,0.2157,0.21552,0.21568,44596052.52201128,0.21682
2021-12-01,0.21918,0.2059,0.208675,0.2086,0.20861,0.20874,17668361.41436886,0.2157
2021-12-02,0.22302,0.20144,0.210125,0.21026,0.21005,0.2102,67910909.9848538,0.2086
2021-12-03,0.21231,0.19056,0.199725,0.19967,0.19964,0.19981,23035792.17937126,0.21026
2021-12-04,0.20031,0.12784,0.180375,0.18028,0.18027,0.18048,117615157.0017518,0.19967
2021-12-05,0.18155,0.16225,0.16863,0.16855,0.16851,0.16875,29797892.71974178,0.18028
2021-12-06,0.18098,0.15964,0.17846,0.17832,0.17841,0.17851,41866923.00049836,0.16855
2021-12-07,0.18425,0.17422,0.17453,0.17451,0.17451,0.17455,25566549.96255257,0.17832
2021-12-08,0.18234,0.17239,0.18104,0.181,0.181,0.18108,33728657.89499846,0.17451
2021-12-09,0.18346,0.16883,0.17062,0.17051,0.17055,0.17069,38522050.64357928,0.181
2021-12-10,0.17499,0.16206,0.16228,0.16235,0.16217,0.16239,31034813.90813448,0.17051
2021-12-11,0.1702,0.1614,0.169165,0.16923,0.16909,0.16924,28800711.74189386,0.16235
2021-12-12,0.17404,0.1657,0.17026,0.17033,0.17018,0.17034,16366578.90971631,0.16923
2021-12-13,0.17036,0.15167,0.15706,0.15702,0.15699,0.15713,29263086.95918118,0.17033
2021-12-14,0.22003,0.15501,0.18981,0.18983,0.18971,0.18991,402583268.59048,0.15702
2021-12-15,0.18891,0.17091,0.181805,0.18188,0.1817,0.18191,108453119.9121367,0.18983
2021-12-16,0.18547,0.1724,0.17392,0.17404,0.17385,0.17399,37439522.21427035,0.18188
2021-12-17,0.17677,0.16165,0.167275,0.16734,0.1672,0.16735,36148086.15286989,0.17404
2021-12-18,0.17602,0.16597,0.171925,0.17201,0.17184,0.17201,16636595.88743393,0.16734
2021-12-19,0.17501,0.16851,0.168775,0.16876,0.16868,0.16887,14848295.38323453,0.17201
2021-12-20,0.17089,0.16113,0.16733,0.16745,0.16725,0.16741,16736945.0332181,0.16876
2021-12-21,0.17258,0.16574,0.170605,0.17065,0.17053,0.17068,12804036.15120421,0.16745
2021-12-22,0.18006,0.16975,0.17227,0.17221,0.17221,0.17233,32609101.77738856,0.17065
2021-12-23,0.18516,0.17137,0.18246,0.18248,0.1824,0.18252,36353205.16873247,0.17221
2021-12-24,0.19577,0.1795,0.187145,0.18717,0.18712,0.18717,47320595.75488487,0.18248
2021-12-25,0.19587,0.18617,0.191255,0.19119,0.19123,0.19128,20600197.26087572,0.18717
2021-12-26,0.19258,0.18518,0.19017,0.19021,0.19013,0.19021,10012673.75096523,0.19119
2021-12-27,0.19298,0.18554,0.187285,0.18737,0.1872,0.18737,6905150.9641799005,0.19021
2021-12-28,0.1869,0.17226,0.175385,0.17527,0.17536,0.17541,31101343.85411115,0.18737
2021-12-29,0.17749,0.16617,0.166465,0.16651,0.16642,0.16651,18679690.56861834,0.17527
2021-12-30,0.17575,0.16501,0.172505,0.17244,0.17245,0.17256,11544222.53556797,0.16651
2021-12-31,0.17601,0.16612,0.170215,0.17021,0.17021,0.17022,15173978.51005204,0.17244
2022-01-01,0.17382,0.16962,0.1725,0.17243,0.17243,0.17257,6526203.09876978,0.17021
2022-01-02,0.17635,0.17054,0.173665,0.1737,0.17362,0.17371,6603256.48498395,0.17243
2022-01-03,0.17403,0.16742,0.17023,0.16995,0.17016,0.1703,11675806.759978,0.1737
2022-01-04,0.17269,0.16667,0.1687,0.16899,0.16862,0.16878,10608225.40249508,0.16995
2022-01-05,0.17101,0.14723,0.159525,0.1595,0.15949,0.15956,42122285.61263792,0.16899
2022-01-06,0.16202,0.15392,0.15877,0.1586,0.15871,0.15883,35135336.87334567,0.1595
2022-01-07,0.15925,0.14913,0.15542,0.15538,0.15537,0.15547,50054117.92305756,0.1586
2022-01-08,0.15789,0.14535,0.150765,0.15086,0.15069,0.15084,31702646.88657204,0.15538
2022-01-09,0.15388,0.14859,0.150845,0.15054,0.15078,0.15091,11659279.54833988,0.15086
2022-01-10,0.15226,0.13658,0.14267,0.14265,0.14262,0.14272,29633343.26154597,0.15054
2022-01-11,0.1671,0.14239,0.154815,0.15483,0.15476,0.15487,68734741.92822815,0.14265
2022-01-12,0.16372,0.15113,0.16175,0.16177,0.16169,0.16181,28526073.2745914,0.15483
2022-01-13,0.17719,0.16141,0.172975,0.17307,0.17288,0.17307,112477882.99732083,0.16177
2022-01-14,0.21531,0.17431,0.18226,0.18245,0.18221,0.18231,258886751.28589797,0.17307
2022-01-15,0.19486,0.18164,0.183565,0.18359,0.18346,0.18367,68636582.75534822,0.18245
2022-01-16,0.18471,0.17365,0.177145,0.1769,0.17705,0.17724,28622603.88726639,0.18359
2022-01-17,0.17769,0.16568,0.17146,0.17159,0.17137,0.17155,33523957.904958252,0.1769
2022-01-18,0.17457,0.16174,0.16509,0.16486,0.16502,0.16516,35430634.53735009,0.17159
2022-01-19,0.16979,0.15912,0.16282,0.16285,0.16279,0.16285,26494964.37747051,0.16486
2022-01-20,0.16952,0.15333,0.155345,0.1554,0.1553,0.15539,18356024.6608296,0.16285
2022-01-21,0.15769,0.13994,0.142235,0.14217,0.14215,0.14232,33045615.31222851,0.1554
2022-01-22,0.14519,0.12,0.13356,0.13358,0.13349,0.13363,53439286.81776504,0.14217
2022-01-23,0.14497,0.13291,0.140365,0.14025,0.14031,0.14042,38477916.26522298,0.13358
2022-01-24,0.14107,0.12587,0.13688,0.13689,0.13679,0.13697,52363957.9491207,0.14025
2022-01-25,0.1508,0.13265,0.142435,0.14249,0.14236,0.14251,41061855.23833688,0.13689
2022-01-26,0.15349,0.14103,0.143735,0.1438,0.14367,0.1438,23495252.26784031,0.14249
2022-01-27,0.14615,0.13625,0.14217,0.14202,0.14208,0.14226,13067711.87758238,0.1438
2022-01-28,0.14249,0.13787,0.14206,0.14205,0.14196,0.14216,6542650.18900353,0.14202
2022-01-29,0.14431,0.14039,0.1431,0.14314,0.14305,0.14315,25862230.613163,0.14205
2022-01-30,0.14387,0.13809,0.1385,0.13856,0.13844,0.13856,10010345.88445349,0.14314
2022-01-31,0.14269,0.13635,0.14191,0.14187,0.14186,0.14196,29430431.51254902,0.13856
2022-02-01,0.14449,0.14093,0.14251,0.14237,0.14244,0.14258,9363790.38861299,0.14187
2022-02-02,0.14661,0.13577,0.137605,0.13764,0.13754,0.13767,14497704.36250728,0.14237
2022-02-03,0.13892,0.13478,0.137785,0.13768,0.13771,0.13786,11024485.09544347,0.13764
2022-02-04,0.14825,0.13703,0.14719,0.14713,0.1471,0.14728,18892719.92543819,0.13768
2022-02-05,0.15077,0.14476,0.14714,0.14708,0.14705,0.14723,24576975.79236441,0.14713
2022-02-06,0.15586,0.14474,0.1522,0.15208,0.15207,0.15233,24587945.21507214,0.14708
2022-02-07,0.17288,0.15153,0.16152,0.16147,0.16139,0.16165,66030396.78471501,0.15208
2022-02-08,0.1698,0.15309,0.158605,0.15856,0.15853,0.15868,25413818.42954864,0.16147
2022-02-09,0.16247,0.15426,0.159495,0.15949,0.15946,0.15953,12938748.36331119,0.15856
2022-02-10,0.161,0.15026,0.15147,0.15145,0.15139,0.15155,20238242.41856756,0.15949
2022-02-11,0.15447,0.14234,0.144065,0.14404,0.14399,0.14414,18655167.25841756,0.15145
2022-02-12,0.1476,0.14073,0.14414,0.14409,0.14408,0.1442,10848817.86451978,0.14404
2022-02-13,0.15803,0.1439,0.15009,0.14986,0.15,0.15018,38539737.47891498,0.14409
2022-02-14,0.15034,0.14295,0.146145,0.14622,0.1461,0.14619,22079594.52368838,0.14986
2022-02-15,0.15258,0.14492,0.151065,0.15114,0.15099,0.15114,14649200.42127444,0.14622
2022-02-16,0.15127,0.14631,0.149265,0.14933,0.14921,0.14932,6310947.4264486,0.15114
2022-02-17,0.15012,0.1369,0.138745,0.13874,0.13869,0.1388,15716917.65940207,0.14933
2022-02-18,0.14233,0.1361,0.13901,0.13895,0.13895,0.13907,6894354.29298487,0.13874
2022-02-19,0.1467,0.1393,0.14081,0.14075,0.14078,0.14084,16088866.39101798,0.13895
2022-02-20,0.14096,0.13505,0.136785,0.13675,0.13671,0.13686,8027587.27857001,0.14075
2022-02-21,0.14203,0.12727,0.1289,0.12895,0.12885,0.12895,18671553.39220701,0.13675
2022-02-22,0.1321,0.12389,0.131885,0.13181,0.13179,0.13198,14017439.3980778,0.12895
2022-02-23,0.1358,0.12651,0.127505,0.12746,0.12746,0.12755,8900075.34844597,0.13181
2022-02-24,0.12781,0.10682,0.124295,0.12434,0.12425,0.12434,47503066.46316643,0.12746
2022-02-25,0.12853,0.12064,0.12801,0.12799,0.12792,0.1281,10807839.32772809,0.12434
2022-02-26,0.1307,0.12574,0.127985,0.12794,0.12794,0.12803,6385201.11217306,0.12799
2022-02-27,0.12861,0.12118,0.123025,0.12306,0.12295,0.1231,8257776.40181062,0.12794
2022-02-28,0.13499,0.12142,0.13457,0.13446,0.1345,0.13464,11465621.25926161,0.12306
2022-03-01,0.139,0.1297,0.133735,0.13368,0.13368,0.13379,12548490.65321086,0.13446
2022-03-02,0.13758,0.13065,0.13266,0.13261,0.13261,0.13271,6951292.19355659,0.13368
2022-03-03,0.13399,0.12712,0.12928,0.12933,0.12923,0.12933,6285920.37339507,0.13261
2022-03-04,0.12942,0.12009,0.12191,0.12191,0.12185,0.12197,10329924.02249435,0.12933
2022-03-05,0.12582,0.12084,0.125255,0.12518,0.12519,0.12532,4764263.90471093,0.12191
2022-03-06,0.12572,0.11932,0.120415,0.12053,0.12034,0.12049,7489800.01795339,0.12518
2022-03-07,0.12268,0.1132,0.116485,0.11656,0.11645,0.11652,7077574.04589817,0.12053
2022-03-08,0.12003,0.11529,0.11658,0.11653,0.11653,0.11663,5189913.48165959,0.11656
2022-03-09,0.12465,0.11674,0.121195,0.12128,0.12115,0.12124,6894848.83344026,0.11653
2022-03-10,0.12178,0.1147,0.11683,0.11671,0.1168,0.11686,10190059.01882227,0.12128
2022-03-11,0.11864,0.11362,0.11576,0.1158,0.11572,0.1158,5350346.56847684,0.11671
2022-03-12,0.11735,0.11408,0.11472,0.11465,0.11468,0.11476,2936996.43852327,0.1158
2022-03-13,0.11644,0.10988,0.11096,0.11095,0.1109,0.11102,6795540.47963243,0.11465
2022-03-14,0.12224,0.11029,0.114185,0.11422,0.11413,0.11424,22680295.60616199,0.11095
2022-03-15,0.11461,0.11012,0.11309,0.11314,0.11305,0.11313,16296740.78768002,0.11422
2022-03-16,0.11701,0.11212,0.116135,0.11618,0.11608,0.11619,8618306.08025199,0.11314
2022-03-17,0.11954,0.11589,0.11644,0.11644,0.11639,0.11649,5529531.89401764,0.11618
2022-03-18,0.11939,0.11432,0.11898,0.11896,0.11894,0.11902,7275696.57882429,0.11644
2022-03-19,0.12524,0.11822,0.12317,0.12324,0.1231,0.12324,12357114.95654998,0.11896
2022-03-20,0.12425,0.1175,0.119615,0.11961,0.11957,0.11966,5178092.26313352,0.12324
2022-03-21,0.12176,0.11762,0.1194,0.11943,0.11937,0.11943,7313058.59856176,0.11961
2022-03-22,0.12578,0.11855,0.122785,0.1229,0.12274,0.12283,12488664.82337022,0.11943
2022-03-23,0.13125,0.12101,0.129585,0.12961,0.12954,0.12963,21615061.55867477,0.1229
2022-03-24,0.14128,0.12756,0.13599,0.13605,0.13594,0.13604,47709404.02071142,0.12961
2022-03-25,0.13764,0.12742,0.130805,0.13075,0.13075,0.13086,15854230.47066974,0.13605
2022-03-26,0.13694,0.12903,0.1353,0.13529,0.13524,0.13536,12874377.2745171,0.13075
2022-03-27,0.1448,0.13536,0.142775,0.14272,0.14272,0.14283,33917152.11550842,0.13529
2022-03-28,0.15346,0.14269,0.146745,0.14673,0.14666,0.14683,39018760.72317063,0.14272
2022-03-29,0.14899,0.14054,0.143695,0.14357,0.14364,0.14375,17340037.26920846,0.14673
2022-03-30,0.14559,0.13789,0.143455,0.14351,0.1434,0.14351,12480937.63566706,0.14357
2022-03-31,0.14781,0.13747,0.138655,0.13876,0.13859,0.13872,16278969.73286881,0.14351
2022-04-01,0.143,0.13204,0.141515,0.14161,0.14146,0.14157,13304080.78223626,0.13876
2022-04-02,0.14448,0.13794,0.14033,0.14012,0.14023,0.14043,8395196.09610965,0.14161
2022-04-03,0.14947,0.13625,0.146635,0.14671,0.14655,0.14672,14280200.29265752,0.14012
2022-04-04,0.15635,0.14113,0.150035,0.14997,0.14997,0.1501,41102210.7596321,0.14671
2022-04-05,0.17931,0.14728,0.17101,0.17112,0.17093,0.17109,89075221.39968567,0.14997
2022-04-06,0.17455,0.14133,0.144225,0.14423,0.14414,0.14431,48974054.21211763,0.17112
2022-04-07,0.14844,0.14009,0.145295,0.14538,0.14526,0.14533,12648503.95732044,0.14423
2022-04-08,0.15336,0.14105,0.14132,0.14136,0.14122,0.14142,17364403.30660075,0.14538
2022-04-09,0.14455,0.14052,0.143305,0.14336,0.14325,0.14336,4875520.77902782,0.14136
2022-04-10,0.15783,0.14325,0.151085,0.15105,0.15102,0.15115,22505514.85849696,0.14336
2022-04-11,0.15151,0.133,0.135405,0.13558,0.13533,0.13548,19710283.59696572,0.15105
2022-04-12,0.14463,0.13331,0.13692,0.13692,0.13687,0.13697,10536975.28859871,0.13558
2022-04-13,0.14352,0.13622,0.14015,0.14013,0.1401,0.1402,7602049.62254658,0.13692
2022-04-14,0.14788,0.1364,0.142985,0.14293,0.14294,0.14303,24488637.57537319,0.14013
2022-04-15,0.14963,0.14172,0.146245,0.14614,0.1462,0.14629,14002845.34023736,0.14293
2022-04-16,0.14813,0.14135,0.143915,0.14402,0.14386,0.14397,3070585.75027495,0.14614
2022-04-17,0.14504,0.14051,0.141415,0.1413,0.14134,0.14149,5149075.74573286,0.14402
2022-04-18,0.14176,0.13292,0.14007,0.14012,0.14003,0.14011,9698629.34271237,0.1413
2022-04-19,0.14465,0.13912,0.142135,0.14214,0.14213,0.14214,8757687.83725108,0.14012
2022-04-20,0.14689,0.13894,0.14086,0.141,0.14078,0.14094,12253241.61921999,0.14214
2022-04-21,0.14311,0.13401,0.136105,0.13608,0.13604,0.13617,6549991.48555803,0.141
2022-04-22,0.13829,0.13465,0.13611,0.13617,0.13605,0.13617,2589287.00619097,0.13608
2022-04-23,0.13701,0.13327,0.13514,0.13512,0.13509,0.13519,1966346.22604809,0.13617
2022-04-24,0.13518,0.13098,0.132255,0.13207,0.13222,0.13229,5377939.291817551,0.13512
2022-04-25,0.17109,0.12253,0.156745,0.15686,0.15663,0.15686,66953226.49127547,0.13207
2022-04-26,0.16661,0.13862,0.13916,0.13908,0.13909,0.13923,47673260.52655851,0.15686
2022-04-27,0.14568,0.13507,0.138745,0.1387,0.13869,0.1388,18012874.90006351,0.13908
2022-04-28,0.14331,0.13518,0.13711,0.13698,0.13705,0.13717,7791119.87874899,0.1387
2022-04-29,0.145,0.13309,0.135275,0.13532,0.13521,0.13534,16358491.11684643,0.13698
2022-04-30,0.13692,0.12407,0.124205,0.12433,0.12407,0.12434,6338489.56925757,0.13532
2022-05-01,0.13654,0.12559,0.132155,0.13208,0.13211,0.1322,10762395.42451292,0.12433
2022-05-02,0.13396,0.1276,0.13114,0.13116,0.13109,0.13119,9892821.19164294,0.13208
2022-05-03,0.132,0.1264,0.12881,0.12876,0.12876,0.12886,7768623.67506778,0.13116
2022-05-04,0.13632,0.12864,0.13517,0.13519,0.13511,0.13523,7489391.36496066,0.12876
2022-05-05,0.1379,0.12533,0.12827,0.12826,0.12823,0.12831,16481964.64038036,0.13519
2022-05-06,0.12992,0.12344,0.128425,0.12837,0.12836,0.12849,7473144.8473871,0.12826
2022-05-07,0.13253,0.12448,0.126605,0.12666,0.12654,0.12667,8080206.20007514,0.12837
2022-05-08,0.1284,0.12258,0.124765,0.12477,0.12471,0.12482,4662866.82952137,0.12666
2022-05-09,0.12534,0.10475,0.108325,0.10827,0.10824,0.10841,26099661.24388342,0.12477
2022-05-10,0.11843,0.099253,0.109065,0.10893,0.10897,0.10916,30362377.16382479,0.10827
2022-05-11,0.11108,0.07018,0.085404,0.085294,0.085299,0.085509,51609655.55364735,0.10893
2022-05-12,0.089895,0.068086,0.081859,0.08197,0.081773,0.081945,35812101.39330985,0.085294
2022-05-13,0.096689,0.081403,0.088826,0.088716,0.088719,0.088933,28335216.52143984,0.08197
2022-05-14,0.092055,0.083588,0.089214,0.089149,0.089134,0.089294,12596471.55397139,0.088716
2022-05-15,0.092748,0.086535,0.0916995,0.091722,0.09164,0.091759,10395625.66329343,0.089149
2022-05-16,0.093244,0.085727,0.087722,0.087657,0.087662,0.087782,9423809.72306859,0.091722
2022-05-17,0.091411,0.086777,0.0904065,0.09038,0.090332,0.090481,6174995.50775365,0.087657
2022-05-18,0.091029,0.084089,0.085152,0.085069,0.085115,0.085189,3713065.29823764,0.09038
2022-05-19,0.087635,0.081291,0.086476,0.08639,0.086428,0.086524,7692573.79159201,0.085069
2022-05-20,0.088076,0.082424,0.0842545,0.084202,0.084226,0.084283,4514473.69054982,0.08639
2022-05-21,0.085471,0.082344,0.08439,0.084389,0.084389,0.084391,2612249.61962543,0.084202
2022-05-22,0.086766,0.083786,0.086355,0.086321,0.086331,0.086379,2791692.8232532,0.084389
2022-05-23,0.08846,0.082449,0.083189,0.083114,0.083148,0.08323,3971871.34504382,0.086321
2022-05-24,0.084329,0.080036,0.0835215,0.083588,0.083474,0.083569,3191238.39353918,0.083114
2022-05-25,0.08451,0.082151,0.0833995,0.083345,0.08335,0.083449,1450570.13674646,0.083588
2022-05-26,0.083689,0.075,0.07915,0.07918,0.079089,0.079211,7238668.31481565,0.083345
2022-05-27,0.0898,0.075968,0.081367,0.081168,0.081314,0.08142,25540641.75479846,0.07918
2022-05-28,0.08335,0.080681,0.0817725,0.081802,0.081757,0.081788,3772280.5564273,0.081168
2022-05-29,0.083331,0.079812,0.082808,0.082799,0.082762,0.082854,4141568.77787702,0.081802
2022-05-30,0.088507,0.082114,0.0881075,0.088112,0.088046,0.088169,7023954.87339523,0.082799
2022-05-31,0.088493,0.083057,0.0861065,0.086116,0.086076,0.086137,7632881.77767381,0.088112
2022-06-01,0.089546,0.078718,0.081446,0.081497,0.081401,0.081491,9097523.23822885,0.086116
2022-06-02,0.083212,0.080047,0.082885,0.08285,0.082841,0.082929,3164237.26154789,0.081497
2022-06-03,0.083132,0.079337,0.0803715,0.080287,0.080334,0.080409,2969502.76764866,0.08285
2022-06-04,0.082564,0.079293,0.081619,0.081637,0.081596,0.081642,3558229.54824949,0.080287
2022-06-05,0.082267,0.080572,0.0817945,0.081753,0.081772,0.081817,4833527.04851466,0.081637
2022-06-06,0.084795,0.080858,0.0821045,0.082124,0.082091,0.082118,6791797.19189124,0.081753
2022-06-07,0.082668,0.07761,0.080754,0.080803,0.080717,0.080791,6929890.38462442,0.082124
2022-06-08,0.081675,0.078822,0.079824,0.079864,0.07979,0.079858,2258842.70274909,0.080803
2022-06-09,0.081145,0.078957,0.079191,0.07922,0.07916,0.079222,2020079.19391058,0.079864
2022-06-10,0.079794,0.074204,0.0757225,0.07573,0.075699,0.075746,4361096.82477422,0.07922
2022-06-11,0.076603,0.067906,0.070518,0.070444,0.070491,0.070545,6393562.63359918,0.07573
2022-06-12,0.070397,0.063462,0.065198,0.065115,0.065172,0.065224,18369780.27487075,0.070444
2022-06-13,0.066246,0.052304,0.053352,0.053452,0.053287,0.053417,65655390.1790391,0.065115
2022-06-14,0.058408,0.049809,0.0542075,0.054245,0.054171,0.054244,43790775.36220183,0.053452
2022-06-15,0.062464,0.050361,0.0604815,0.060482,0.06045,0.060513,32073080.77168744,0.054245
2022-06-16,0.064062,0.054684,0.054748,0.054758,0.05472,0.054776,21706873.64969444,0.060482
2022-06-17,0.058176,0.054202,0.0568025,0.056786,0.05678,0.056825,9423931.6219317,0.054758
2022-06-18,0.057771,0.049049,0.053129,0.053103,0.053099,0.053159,23314990.97470652,0.056786
2022-06-19,0.062828,0.051116,0.0598245,0.059791,0.059789,0.05986,40550436.68905016,0.053103
2022-06-20,0.061451,0.057368,0.0597335,0.059796,0.059701,0.059766,10663548.2167867,0.059791
2022-06-21,0.069869,0.058883,0.0663595,0.066403,0.066315,0.066404,32460799.1570144,0.059796
2022-06-22,0.066488,0.060942,0.0621965,0.062127,0.062164,0.062229,11765202.57258415,0.066403
2022-06-23,0.064675,0.061237,0.063967,0.064059,0.063928,0.064006,5195839.64844286,0.062127
2022-06-24,0.068376,0.06381,0.0671925,0.067164,0.067154,0.067231,8341369.39088631,0.064059
2022-06-25,0.06934,0.065086,0.0684935,0.068505,0.06846,0.068527,7766875.02999097,0.067164
2022-06-26,0.077624,0.06709,0.0739625,0.073991,0.073933,0.073992,26505840.3320706,0.068505
2022-06-27,0.078885,0.070549,0.072898,0.072922,0.072865,0.072931,21064037.36140332,0.073991
2022-06-28,0.073384,0.06545,0.0658985,0.065883,0.065856,0.065941,8734126.93783255,0.072922
2022-06-29,0.071531,0.064073,0.069341,0.06939,0.069292,0.06939,8541838.22954307,0.065883
2022-06-30,0.06965,0.062232,0.0642815,0.064202,0.06425,0.064313,8948234.30735773,0.06939
2022-07-01,0.06843,0.062899,0.066088,0.066123,0.066058,0.066118,8896101.22143804,0.064202
2022-07-02,0.068052,0.065494,0.0670735,0.067001,0.067044,0.067103,5695181.21489303,0.066123
2022-07-03,0.067494,0.064826,0.0669785,0.067016,0.066941,0.067016,3985413.8126727,0.067001
2022-07-04,0.069582,0.065561,0.0692205,0.069199,0.069163,0.069278,4881002.81523661,0.067016
2022-07-05,0.069998,0.06545,0.0676005,0.067632,0.06757,0.067631,4971201.5156024,0.069199
2022-07-06,0.069329,0.066105,0.068842,0.068856,0.068818,0.068866,4108352.0806173,0.067632
2022-07-07,0.071165,0.067832,0.070363,0.07037,0.070356,0.07037,3722958.95314798,0.068856
2022-07-08,0.073481,0.068163,0.0696665,0.069673,0.069635,0.069698,4891377.94281669,0.07037
2022-07-09,0.07018,0.068723,0.069519,0.069501,0.069478,0.06956,2101909.3558699,0.069673
2022-07-10,0.069633,0.06628,0.0671325,0.067192,0.067107,0.067158,3287400.96497309,0.069501
2022-07-11,0.067342,0.0611,0.0613655,0.061411,0.061321,0.06141,4006094.02884527,0.067192
2022-07-12,0.063138,0.0599,0.060434,0.060442,0.060396,0.060472,6342147.44034726,0.061411
2022-07-13,0.062318,0.057364,0.06109,0.06106,0.061056,0.061124,4747261.58448468,0.060442
2022-07-14,0.062687,0.05939,0.0619535,0.061977,0.061923,0.061984,3144740.80993273,0.06106
2022-07-15,0.064441,0.061576,0.0636365,0.063614,0.063605,0.063668,4002304.41053408,0.061977
2022-07-16,0.064878,0.061716,0.0644055,0.064377,0.064377,0.064434,2496872.77317031,0.063614
2022-07-17,0.065575,0.063121,0.0641975,0.064229,0.064174,0.064221,2254324.38949228,0.064377
2022-07-18,0.068913,0.062859,0.0669275,0.066889,0.066881,0.066974,7477446.0770301,0.064229
2022-07-19,0.070337,0.065412,0.0694535,0.069458,0.06942,0.069487,7172776.25105238,0.066889
2022-07-20,0.076999,0.0676,0.0699855,0.070008,0.069962,0.070009,24603804.633844562,0.069458
2022-07-21,0.070937,0.066908,0.0696695,0.069673,0.06964,0.069699,6735831.10361825,0.070008
2022-07-22,0.071417,0.066681,0.0678075,0.067729,0.067775,0.06784,3072652.22713658,0.069673
2022-07-23,0.069511,0.065887,0.0680045,0.067957,0.067961,0.068048,3297473.21487945,0.067729
2022-07-24,0.068977,0.067153,0.0675175,0.067538,0.067479,0.067556,2940144.13845635,0.067957
2022-07-25,0.068071,0.063223,0.0639335,0.063959,0.063894,0.063973,6761947.30043769,0.067538
2022-07-26,0.06394,0.060071,0.0619525,0.061961,0.061938,0.061967,7041265.7866578,0.063959
2022-07-27,0.066655,0.061783,0.066372,0.066371,0.066349,0.066395,8520673.23625276,0.061961
2022-07-28,0.070871,0.065163,0.069223,0.06919,0.0692,0.069246,9526696.35121414,0.066371
2022-07-29,0.072495,0.067243,0.0702505,0.070246,0.070217,0.070284,17743310.46371997,0.06919
2022-07-30,0.074417,0.067927,0.0697925,0.069781,0.069755,0.06983,10570679.570989281,0.070246
2022-07-31,0.072253,0.067799,0.0680975,0.068012,0.068053,0.068142,12396032.71845019,0.069781
2022-08-01,0.07134,0.066824,0.068606,0.068565,0.068567,0.068645,8580488.21031831,0.068012
2022-08-02,0.069143,0.065499,0.0672445,0.067223,0.0672,0.067289,6468608.53203922,0.068565
2022-08-03,0.068468,0.065132,0.0659095,0.065823,0.065872,0.065947,3593584.23548861,0.067223
2022-08-04,0.067569,0.065687,0.067072,0.067096,0.067044,0.0671,2969958.44033535,0.065823
2022-08-05,0.070281,0.067073,0.0698365,0.069829,0.069815,0.069858,4886757.4374271,0.067096
2022-08-06,0.071276,0.068681,0.06904,0.069046,0.069023,0.069057,4347504.71638497,0.069829
2022-08-07,0.069999,0.067258,0.068729,0.068682,0.068695,0.068763,3265089.023573,0.069046
2022-08-08,0.0725,0.068531,0.070179,0.070086,0.070126,0.070232,13603738.96165643,0.068682
2022-08-09,0.074257,0.06776,0.0693225,0.069292,0.069305,0.06934,11008021.48859088,0.070086
2022-08-10,0.07146,0.066548,0.0713405,0.071451,0.071298,0.071383,8359303.17470225,0.069292
2022-08-11,0.075405,0.070577,0.0705775,0.070577,0.070577,0.070578,12190850.13740127,0.071451
2022-08-12,0.072305,0.069684,0.0720645,0.072009,0.072031,0.072098,4607857.95123896,0.070577
2022-08-13,0.075126,0.071744,0.073009,0.073041,0.072985,0.073033,7373013.98055652,0.072009
2022-08-14,0.084648,0.072547,0.0821275,0.082106,0.082076,0.082179,33468937.71779726,0.073041
2022-08-15,0.082309,0.074604,0.075784,0.075998,0.075723,0.075845,15232805.05390586,0.082106
2022-08-16,0.089599,0.075477,0.086062,0.086177,0.086007,0.086117,22891067.53522211,0.075998
2022-08-17,0.088989,0.079314,0.079868,0.079803,0.079841,0.079895,19809866.39370496,0.086177
2022-08-18,0.08226,0.076882,0.0773385,0.077355,0.077298,0.077379,17682669.33401648,0.079803
2022-08-19,0.076281,0.067467,0.0676535,0.067768,0.067604,0.067703,16732784.7357979,0.077355
2022-08-20,0.071127,0.067249,0.068995,0.068918,0.068971,0.069019,7303810.1926709,0.067768
2022-08-21,0.070791,0.067355,0.0699185,0.069909,0.069877,0.06996,5309756.60301483,0.068918
2022-08-22,0.069724,0.065146,0.0677395,0.067865,0.06771,0.067769,5530811.58856225,0.069909
2022-08-23,0.069254,0.066852,0.068539,0.06856,0.068514,0.068564,2846256.99354108,0.067865
2022-08-24,0.069709,0.067032,0.0679955,0.067985,0.067977,0.068014,3082391.79127849,0.06856
2022-08-25,0.071877,0.067563,0.068808,0.068928,0.068786,0.06883,5160236.21695105,0.067985
2022-08-26,0.069539,0.063711,0.0643165,0.064184,0.064268,0.064365,10174986.40593817,0.068928
2022-08-27,0.064199,0.06226,0.063316,0.063271,0.063283,0.063349,2793954.43481025,0.064184
2022-08-28,0.064351,0.062755,0.0631915,0.063071,0.063157,0.063226,2544287.53952824,0.063271
2022-08-29,0.064097,0.060886,0.063279,0.063272,0.063247,0.063311,3465950.65054382,0.063071
2022-08-30,0.064543,0.060108,0.062041,0.062038,0.06202,0.062062,3269320.16054206,0.063272
2022-08-31,0.063545,0.061252,0.061713,0.061693,0.061688,0.061738,3915807.56839907,0.062038
2022-09-01,0.062698,0.059905,0.0622135,0.0622,0.062188,0.062239,3942055.15880833,0.061693
2022-09-02,0.062899,0.060704,0.06148,0.061511,0.06146,0.0615,4253727.44885932,0.0622
2022-09-03,0.064111,0.061128,0.0626265,0.062679,0.062608,0.062645,6888609.99475123,0.061511
2022-09-04,0.063924,0.061822,0.0628515,0.062851,0.06283,0.062873,4320362.47922856,0.062679
2022-09-05,0.063757,0.06088,0.0624555,0.062417,0.062432,0.062479,5249964.06790014,0.062851
2022-09-06,0.065497,0.057969,0.059082,0.059153,0.059057,0.059107,13801586.64106327,0.062417
2022-09-07,0.061522,0.057365,0.0611075,0.061223,0.061085,0.06113,5740458.22994156,0.059153
2022-09-08,0.0614,0.059669,0.0608615,0.060884,0.060842,0.060881,2770624.28891098,0.061223
2022-09-09,0.064896,0.060761,0.063684,0.063713,0.063655,0.063713,6346715.24625977,0.060884
2022-09-10,0.064979,0.062943,0.064712,0.064702,0.064702,0.064722,8835533.80741663,0.063713
2022-09-11,0.065558,0.0626,0.0632305,0.06325,0.063207,0.063254,4313043.91760951,0.064702
2022-09-12,0.065456,0.062627,0.06391,0.063897,0.063894,0.063926,4581516.8855828,0.06325
2022-09-13,0.06414,0.059216,0.06005,0.059822,0.06002,0.06008,9333025.94915126,0.063897
2022-09-14,0.061497,0.059152,0.061313,0.061349,0.061287,0.061339,6139061.6736076,0.059822
2022-09-15,0.061254,0.058599,0.058728,0.058822,0.058685,0.058771,5228386.30677195,0.061349
2022-09-16,0.060348,0.058138,0.060306,0.060278,0.060284,0.060328,3981034.91655317,0.058822
2022-09-17,0.06243,0.06015,0.062043,0.062017,0.06203,0.062056,3516467.30492892,0.060278
2022-09-18,0.06238,0.056213,0.057849,0.057805,0.057804,0.057894,7850564.43913598,0.062017
2022-09-19,0.058861,0.055868,0.0586475,0.058612,0.058623,0.058672,4682693.08176406,0.057805
2022-09-20,0.060648,0.057616,0.0581005,0.058077,0.05806,0.058141,6649574.34358697,0.058612
2022-09-21,0.060899,0.056128,0.0568875,0.05686,0.056862,0.056913,8810065.31382094,0.058077
2022-09-22,0.0599,0.056875,0.059885,0.0599,0.05987,0.0599,1742164.04023404,0.05686
2022-09-23,0.064328,0.0591,0.0638425,0.063737,0.063796,0.063889,12472591.41564187,0.0599
2022-09-24,0.068343,0.062249,0.0633345,0.063284,0.063305,0.063364,20144713.90479452,0.063737
2022-09-25,0.063954,0.060034,0.060943,0.060947,0.060924,0.060962,5573162.42726454,0.063284
2022-09-26,0.062322,0.059831,0.060748,0.060721,0.06073,0.060766,7643865.02568019,0.060947
2022-09-27,0.0631,0.059773,0.0606665,0.060667,0.06064,0.060693,2887556.47486135,0.060721
2022-09-28,0.061209,0.058522,0.060717,0.060698,0.060684,0.06075,3632187.63852062,0.060667
2022-09-29,0.06115,0.059268,0.0604485,0.060502,0.060414,0.060483,1549831.52457431,0.060698
2022-09-30,0.062317,0.05963,0.061966,0.062039,0.061931,0.062001,8299389.69251907,0.060502
2022-10-01,0.063202,0.060241,0.0606335,0.06064,0.060627,0.06064,13227835.46644851,0.062039
2022-10-02,0.060991,0.058815,0.059169,0.05926,0.059123,0.059215,5060214.98915097,0.06064
2022-10-03,0.060567,0.058783,0.060285,0.060358,0.060253,0.060317,1885582.00194857,0.05926
2022-10-04,0.066465,0.059952,0.066106,0.066053,0.066052,0.06616,15304667.58448931,0.060358
2022-10-05,0.066969,0.062635,0.0643725,0.064393,0.064341,0.064404,11790801.82215716,0.066053
2022-10-06,0.066902,0.0627,0.0635405,0.063531,0.063521,0.06356,4197927.96681453,0.064393
2022-10-07,0.06388,0.061284,0.0622385,0.06224,0.062221,0.062256,7966125.73082865,0.063531
2022-10-08,0.062689,0.061185,0.0616075,0.061606,0.061598,0.061617,2756591.27034634,0.06224
2022-10-09,0.062407,0.061157,0.0619195,0.061883,0.061909,0.06193,2569062.93050181,0.061606
2022-10-10,0.062519,0.059128,0.0597115,0.059718,0.05969,0.059733,4833827.14582617,0.061883
2022-10-11,0.060889,0.057498,0.0600335,0.060645,0.060005,0.060062,6782117.90334401,0.059718
2022-10-12,0.060976,0.05926,0.060017,0.060021,0.059984,0.06005,4812397.86303829,0.060645
2022-10-13,0.060291,0.055005,0.0598125,0.059772,0.05978,0.059845,13248783.00389919,0.060021
2022-10-14,0.06104,0.058135,0.0586725,0.058621,0.058648,0.058697,3287175.1166065,0.059772
2022-10-15,0.059797,0.057963,0.0586705,0.058694,0.058642,0.058699,2683028.96664721,0.058621
2022-10-16,0.059511,0.058437,0.0591275,0.05913,0.059105,0.05915,1425529.69910398,0.058694
2022-10-17,0.060067,0.058587,0.059994,0.059972,0.059987,0.060001,2749045.66056394,0.05913
2022-10-18,0.06118,0.058552,0.0597455,0.059724,0.059745,0.059746,3320999.80170574,0.059972
2022-10-19,0.0608,0.058306,0.0588985,0.058877,0.058874,0.058923,7738412.88558295,0.059724
2022-10-20,0.060392,0.058271,0.0593805,0.059376,0.059362,0.059399,3126479.97093926,0.058877
2022-10-21,0.059566,0.057183,0.0594305,0.059406,0.05941,0.059451,2245450.1348188,0.059376
2022-10-22,0.059962,0.059118,0.059682,0.059708,0.059656,0.059708,1312373.38750086,0.059406
2022-10-23,0.060517,0.058665,0.0603295,0.060307,0.06031,0.060349,1967427.58271688,0.059708
2022-10-24,0.060956,0.0587,0.0595345,0.059555,0.059512,0.059557,2957581.9798154,0.060307
2022-10-25,0.064319,0.059207,0.0623435,0.062343,0.062343,0.062344,10585585.5376571,0.059555
2022-10-26,0.0737,0.06249,0.0723205,0.072264,0.072301,0.07234,33359733.95431761,0.062343
2022-10-27,0.0855,0.071744,0.0769355,0.076979,0.076887,0.076984,43520194.47394538,0.072264
2022-10-28,0.088465,0.072539,0.086133,0.086185,0.086075,0.086191,57379849.23844948,0.076979
2022-10-29,0.15198,0.082885,0.117285,0.11722,0.11717,0.1174,194742003.40341476,0.086185
2022-10-30,0.14355,0.11127,0.115615,0.11564,0.11555,0.11568,112924763.43780027,0.11722
2022-10-31,0.13169,0.11335,0.12555,0.12538,0.12549,0.12561,59999617.07476842,0.11564
2022-11-01,0.1589,0.12435,0.140665,0.14069,0.1406,0.14073,73345138.52009821,0.12538
2022-11-02,0.14805,0.12224,0.127465,0.12759,0.12742,0.12751,64333511.21121523,0.14069
2022-11-03,0.13717,0.12297,0.12296,0.12297,0.1229,0.12302,36043303.28744672,0.12759
2022-11-04,0.12926,0.11577,0.126775,0.12668,0.12674,0.12681,41009371.41469337,0.12297
2022-11-05,0.13592,0.12017,0.12254,0.12269,0.12239,0.12269,25298895.75434359,0.12668
2022-11-06,0.12776,0.11738,0.11808,0.11804,0.11804,0.11812,19832508.38374372,0.12269
2022-11-07,0.11922,0.10758,0.11257,0.11259,0.11253,0.11261,17700717.93163137,0.11804
2022-11-08,0.113,0.077324,0.0876235,0.087615,0.087535,0.087712,86169930.8080711,0.11259
2022-11-09,0.09245,0.070594,0.074299,0.074402,0.07422,0.074378,42657340.39369306,0.087615
2022-11-10,0.094085,0.074275,0.0900175,0.089942,0.089934,0.090101,32548179.10174891,0.074402
2022-11-11,0.093394,0.080076,0.084809,0.084799,0.084752,0.084866,20416672.93038406,0.089942
2022-11-12,0.095,0.078416,0.0873735,0.087382,0.087259,0.087488,26803474.0644034,0.084799
2022-11-13,0.091667,0.082852,0.084786,0.08477,0.084702,0.08487,12284422.31830734,0.087382
2022-11-14,0.091525,0.079185,0.086036,0.085767,0.085962,0.08611,13564001.42031887,0.08477
2022-11-15,0.089808,0.084753,0.0870175,0.087065,0.086981,0.087054,5839993.50370035,0.085767
2022-11-16,0.091217,0.08333,0.085562,0.085661,0.085518,0.085606,5690046.44562331,0.087065
2022-11-17,0.087319,0.0825,0.0848325,0.08485,0.084794,0.084871,4319391.97176887,0.085661
2022-11-18,0.086732,0.083561,0.084649,0.084621,0.084615,0.084683,2621756.53708459,0.08485
2022-11-19,0.085031,0.083037,0.0846545,0.08462,0.084609,0.0847,1761842.38698238,0.084621
2022-11-20,0.085821,0.075028,0.0758275,0.07577,0.075693,0.075962,7657121.69846791,0.08462
2022-11-21,0.077419,0.071352,0.0754295,0.075625,0.07539,0.075469,6436178.14438562,0.07577
2022-11-22,0.079603,0.073041,0.078422,0.078457,0.078388,0.078456,7191834.61986595,0.075625
2022-11-23,0.083476,0.077797,0.081877,0.0818,0.081813,0.081941,7177026.22743946,0.078457
2022-11-24,0.084266,0.080374,0.0813765,0.081383,0.081345,0.081408,5489960.34453779,0.0818
2022-11-25,0.091659,0.080528,0.0897195,0.08972,0.089692,0.089747,20354245.97616474,0.081383
2022-11-26,0.095562,0.087174,0.089331,0.089353,0.089294,0.089368,21369481.28588519,0.08972
2022-11-27,0.10811,0.088829,0.09892,0.098822,0.098835,0.099005,38509918.52173888,0.089353
2022-11-28,0.099761,0.090692,0.095107,0.095188,0.095028,0.095186,28280956.73093529,0.098822
2022-11-29,0.10524,0.093581,0.10208,0.10209,0.10206,0.1021,21277274.12486303,0.095188
2022-11-30,0.11003,0.099522,0.106835,0.10705,0.1068,0.10687,27541480.02590688,0.10209
2022-12-01,0.10766,0.1004,0.10193,0.10207,0.1019,0.10196,14033226.7061911,0.10705
2022-12-02,0.10364,0.096691,0.102125,0.10201,0.1021,0.10215,17295977.8390323,0.10207
2022-12-03,0.10317,0.098123,0.100965,0.10096,0.10092,0.10101,23721456.16447186,0.10201
2022-12-04,0.10578,0.10096,0.10397,0.10406,0.10395,0.10399,15613397.3334626,0.10096
2022-12-05,0.1118,0.09909,0.10161,0.10155,0.10159,0.10163,22569842.03252456,0.10406
2022-12-06,0.1028,0.098084,0.10005,0.10014,0.10003,0.10007,10055641.43111914,0.10155
2022-12-07,0.10128,0.092806,0.0958075,0.095699,0.095792,0.095823,7620095.04744445,0.10014
2022-12-08,0.099279,0.094785,0.0987385,0.098775,0.098718,0.098759,6837372.29009838,0.095699
2022-12-09,0.099514,0.095687,0.0967355,0.096685,0.096716,0.096755,6585054.60344126,0.098775
2022-12-10,0.097467,0.096027,0.096398,0.096337,0.096373,0.096423,2581906.77207787,0.096685
2022-12-11,0.097327,0.091723,0.092543,0.092574,0.09252,0.092566,6318192.6814118,0.096337
2022-12-12,0.093065,0.084565,0.0912225,0.091223,0.091222,0.091223,25539736.76866229,0.092574
2022-12-13,0.095759,0.086951,0.091367,0.091353,0.091353,0.091381,23168860.91688293,0.091223
2022-12-14,0.092553,0.087121,0.088426,0.088346,0.088407,0.088445,12063792.98146782,0.091353
2022-12-15,0.088848,0.084079,0.084766,0.084745,0.084755,0.084777,11347299.54584757,0.088346
2022-12-16,0.086937,0.074,0.0762575,0.076296,0.07623,0.076285,16044251.09024349,0.084745
2022-12-17,0.07965,0.075575,0.079187,0.07918,0.079163,0.079211,7921770.03106841,0.076296
2022-12-18,0.080143,0.077603,0.078567,0.078595,0.078544,0.07859,5930193.20772072,0.07918
2022-12-19,0.079555,0.069869,0.0715375,0.071517,0.071521,0.071554,10955394.39989485,0.078595
2022-12-20,0.075668,0.071374,0.0750175,0.074997,0.075002,0.075033,10359637.23214445,0.071517
2022-12-21,0.074923,0.071403,0.0738335,0.073874,0.07382,0.073847,5100744.30723158,0.074997
2022-12-22,0.077831,0.073284,0.0769145,0.076937,0.076887,0.076942,12726004.67451183,0.073874
2022-12-23,0.079143,0.07654,0.07721,0.07724,0.077203,0.077217,4483202.31044946,0.076937
2022-12-24,0.078191,0.076736,0.077624,0.077688,0.07761,0.077638,2295872.56144113,0.07724
2022-12-25,0.077662,0.073281,0.076114,0.076185,0.076095,0.076133,8939922.02575215,0.077688
2022-12-26,0.076686,0.074286,0.075898,0.075886,0.075884,0.075912,5432862.00854864,0.076185
2022-12-27,0.075941,0.072696,0.073834,0.073779,0.073819,0.073849,4427292.18657556,0.075886
2022-12-28,0.073765,0.069368,0.0707015,0.07075,0.070687,0.070716,12136376.40157257,0.073779
2022-12-29,0.071634,0.069291,0.071091,0.071051,0.071078,0.071104,6765523.82140043,0.07075
2022-12-30,0.071492,0.066,0.068491,0.068497,0.068477,0.068505,10816859.3274822,0.071051
2022-12-31,0.07141,0.067989,0.070199,0.070237,0.070177,0.070221,5730952.18530943,0.068497
2023-01-01,0.070936,0.069081,0.0703,0.070333,0.070265,0.070335,3339275.00195275,0.070237
2023-01-02,0.073709,0.069123,0.0715605,0.071586,0.071543,0.071578,14763891.96071983,0.070333
2023-01-03,0.072415,0.069431,0.0704275,0.070447,0.070418,0.070437,9643140.55249236,0.071586
2023-01-04,0.074417,0.070262,0.073141,0.073088,0.073122,0.07316,14103960.06057093,0.070447
2023-01-05,0.07534,0.070547,0.071755,0.07175,0.071738,0.071772,9770227.05814836,0.073088
2023-01-06,0.072845,0.069544,0.0724155,0.072429,0.072412,0.072419,14867108.53279458,0.07175
2023-01-07,0.073069,0.071739,0.0724395,0.072393,0.07243,0.072449,4455602.56573983,0.072429
2023-01-08,0.074679,0.071226,0.073661,0.073649,0.073649,0.073673,17108609.80386726,0.072393
2023-01-09,0.079587,0.073065,0.0760515,0.076191,0.07605,0.076053,26056038.76772297,0.073649
2023-01-10,0.077889,0.073827,0.07747,0.07749,0.077452,0.077488,14215134.64396616,0.076191
2023-01-11,0.078626,0.074699,0.078497,0.07853,0.078469,0.078525,12805660.6170275,0.07749
2023-01-12,0.081403,0.075169,0.0802305,0.080172,0.080215,0.080246,29679191.42510024,0.07853
2023-01-13,0.085226,0.078637,0.0844305,0.08443,0.084407,0.084454,12942692.34944481,0.080172
2023-01-14,0.092625,0.082421,0.087905,0.087915,0.087895,0.087915,33001759.52919404,0.08443
2023-01-15,0.087393,0.082896,0.086793,0.086716,0.086773,0.086813,15538086.38204429,0.087915
2023-01-16,0.088266,0.08152,0.0836975,0.083699,0.083696,0.083699,29705957.65214083,0.086716
2023-01-17,0.084948,0.081894,0.0831795,0.083217,0.083146,0.083213,14845910.3970377,0.083699
2023-01-18,0.089797,0.077558,0.0804215,0.080373,0.080388,0.080455,24209611.55038031,0.083217
2023-01-19,0.082153,0.079744,0.081575,0.081582,0.081562,0.081588,7408834.27432319,0.080373
2023-01-20,0.087051,0.08056,0.086649,0.086683,0.086637,0.086661,17013970.7645987,0.081582
2023-01-21,0.089044,0.084271,0.0851615,0.085153,0.085131,0.085192,15822330.92216678,0.086683
2023-01-22,0.093561,0.084318,0.0883695,0.088403,0.088349,0.08839,32785703.20033198,0.085153
2023-01-23,0.091564,0.086326,0.08833,0.08812,0.088242,0.088418,10048745.61184834,0.088403
2023-01-24,0.090837,0.082129,0.083981,0.084155,0.083939,0.084023,11685207.88917791,0.08812
2023-01-25,0.088134,0.081688,0.0867165,0.086704,0.086696,0.086737,19650824.38955045,0.084155
2023-01-26,0.08764,0.084514,0.0866565,0.086726,0.086619,0.086694,5041220.00962483,0.086704
2023-01-27,0.087992,0.083515,0.087536,0.087658,0.087485,0.087587,7624662.97746657,0.086726
2023-01-28,0.093638,0.08676,0.0880285,0.087967,0.088007,0.08805,8783592.18760901,0.087658
2023-01-29,0.091112,0.087254,0.090342,0.090344,0.090301,0.090383,7230612.41382606,0.087967
2023-01-30,0.092753,0.084367,0.0888655,0.088711,0.088827,0.088904,15392473.97148612,0.090344
2023-01-31,0.097793,0.088576,0.095264,0.095222,0.095235,0.095293,31019256.37081541,0.088711
2023-02-01,0.095406,0.088126,0.094757,0.094693,0.094725,0.094789,21005948.72668632,0.095222
2023-02-02,0.095943,0.090061,0.0912865,0.091395,0.091265,0.091308,10905975.19546049,0.094693
2023-02-03,0.093315,0.090303,0.0927355,0.092712,0.092712,0.092759,7559938.35150471,0.091395
2023-02-04,0.099761,0.092578,0.0958005,0.095869,0.095771,0.09583,13433622.92937651,0.092712
2023-02-05,0.097035,0.090456,0.092393,0.092308,0.092378,0.092408,10836004.47873444,0.095869
2023-02-06,0.093301,0.088454,0.0897555,0.089761,0.089739,0.089772,5911714.52528185,0.092308
2023-02-07,0.092781,0.089616,0.0925525,0.092552,0.092527,0.092578,4839351.07597207,0.089761
2023-02-08,0.093388,0.088553,0.0903445,0.090056,0.090321,0.090368,3525528.19528916,0.092552
2023-02-09,0.090855,0.078747,0.081873,0.081897,0.081855,0.081891,18567346.2741593,0.090056
2023-02-10,0.082961,0.07917,0.080894,0.080863,0.080871,0.080917,6593963.72355773,0.081897
2023-02-11,0.082592,0.080669,0.082032,0.082041,0.082027,0.082037,1755602.13874934,0.080863
2023-02-12,0.085954,0.081184,0.08233,0.082344,0.082323,0.082337,4104829.50220559,0.082041
2023-02-13,0.086449,0.079412,0.0819985,0.082181,0.081986,0.082011,7522612.00886799,0.082344
2023-02-14,0.083885,0.080039,0.0834175,0.08363,0.083401,0.083434,3637376.28697946,0.082181
2023-02-15,0.089584,0.082774,0.089348,0.089305,0.089329,0.089367,10633498.84892648,0.08363
2023-02-16,0.092018,0.084348,0.0851795,0.08513,0.085146,0.085213,8407494.56063387,0.089305
2023-02-17,0.088525,0.085342,0.0879605,0.087979,0.087942,0.087979,6290428.40089856,0.08513
2023-02-18,0.090516,0.086786,0.08857,0.08852,0.088557,0.088583,5242341.19829906,0.087979
2023-02-19,0.090036,0.085712,0.0873495,0.087427,0.087318,0.087381,5291507.6062344,0.08852
2023-02-20,0.088774,0.08521,0.0884845,0.088502,0.088467,0.088502,4272634.10722007,0.087427
2023-02-21,0.088906,0.084182,0.085572,0.085517,0.085556,0.085588,5343765.1782345,0.088502
2023-02-22,0.089366,0.082902,0.085286,0.085335,0.085257,0.085315,11824979.15782292,0.085517
2023-02-23,0.086434,0.083582,0.084512,0.084484,0.084467,0.084557,3345442.79418756,0.085335
2023-02-24,0.085032,0.079237,0.0810865,0.081086,0.081062,0.081111,5979018.8636671,0.084484
2023-02-25,0.082258,0.078378,0.080765,0.080728,0.080735,0.080795,4377829.83179681,0.081086
2023-02-26,0.082654,0.080427,0.0820025,0.081978,0.08197,0.082035,1534901.26958901,0.080728
2023-02-27,0.082349,0.079954,0.0813545,0.081373,0.081335,0.081374,1728196.08595014,0.081978
2023-02-28,0.083182,0.07995,0.0806475,0.080632,0.080617,0.080678,1340222.33083444,0.081373
2023-03-01,0.082922,0.080245,0.08196,0.081934,0.081932,0.081988,3010632.34942848,0.080632
2023-03-02,0.082278,0.079576,0.080545,0.080553,0.080515,0.080575,1553328.97174847,0.081934
2023-03-03,0.080612,0.071972,0.076796,0.076763,0.076766,0.076826,6752439.59126992,0.080553
2023-03-04,0.077272,0.072535,0.0746165,0.074609,0.07459,0.074643,6910945.83364141,0.076763
2023-03-05,0.076092,0.07425,0.074784,0.074713,0.074762,0.074806,1719298.22410012,0.074609
2023-03-06,0.075179,0.073389,0.074848,0.074855,0.074828,0.074868,858930.83890948,0.074713
2023-03-07,0.076023,0.072345,0.0742145,0.074184,0.074195,0.074234,3701255.29354262,0.074855
2023-03-08,0.074357,0.07,0.071202,0.071218,0.071176,0.071228,3697098.02622316,0.074184
2023-03-09,0.07235,0.064002,0.0658795,0.065958,0.065865,0.065894,7254154.84127211,0.071218
2023-03-10,0.066264,0.062628,0.066212,0.066176,0.066176,0.066248,9481366.02840971,0.065958
2023-03-11,0.068632,0.063491,0.066147,0.066164,0.066126,0.066168,19393683.79330295,0.066176
2023-03-12,0.071258,0.065417,0.0707395,0.070755,0.070724,0.070755,18752193.09091243,0.066164
2023-03-13,0.073839,0.068286,0.073183,0.073178,0.073172,0.073194,12062615.90020643,0.070755
2023-03-14,0.077823,0.071297,0.074629,0.074543,0.074587,0.074671,14605049.55448717,0.073178
2023-03-15,0.076047,0.067484,0.069667,0.069694,0.069644,0.06969,9356075.47965689,0.074543
2023-03-16,0.071624,0.06886,0.0715945,0.07145,0.071573,0.071616,5982892.34078865,0.069694
2023-03-17,0.077081,0.071602,0.077091,0.077009,0.077006,0.077176,12252360.18095309,0.07145
2023-03-18,0.078948,0.072256,0.0734885,0.073556,0.073464,0.073513,10213756.09387651,0.077009
2023-03-19,0.076512,0.072495,0.0752365,0.07528,0.075223,0.07525,5264189.53646949,0.073556
2023-03-20,0.075556,0.070355,0.071806,0.071992,0.071767,0.071845,4088358.55139883,0.07528
2023-03-21,0.077953,0.070245,0.0761065,0.076163,0.076082,0.076131,7279814.91070865,0.071992
2023-03-22,0.078189,0.071223,0.0735795,0.073744,0.073541,0.073618,6983208.5853343,0.076163
2023-03-23,0.079098,0.072931,0.077201,0.07723,0.077174,0.077228,6605320.32090209,0.073744
2023-03-24,0.077636,0.072911,0.074842,0.074875,0.074818,0.074866,4402081.46354971,0.07723
2023-03-25,0.076038,0.072425,0.0735875,0.07361,0.073564,0.073611,2160082.05044102,0.074875
2023-03-26,0.075518,0.073329,0.074596,0.0746,0.074575,0.074617,2166433.83783527,0.07361
2023-03-27,0.076105,0.071271,0.0727295,0.072755,0.072714,0.072745,2314280.65861839,0.0746
2023-03-28,0.074034,0.071682,0.0737465,0.073729,0.073726,0.073767,2100908.76445365,0.072755
2023-03-29,0.076849,0.073482,0.0759445,0.075976,0.075913,0.075976,2525740.24327143,0.073729
2023-03-30,0.076857,0.073295,0.073944,0.073937,0.073914,0.073974,1731080.68713797,0.075976
2023-03-31,0.077797,0.073369,0.0774185,0.077386,0.077386,0.077451,2282933.65123631,0.073937
2023-04-01,0.083368,0.075839,0.0822205,0.082246,0.082195,0.082246,9452564.48039941,0.077386
2023-04-02,0.085573,0.076997,0.0785945,0.078611,0.078559,0.07863,15503055.91683149,0.082246
2023-04-03,0.10466,0.075981,0.095711,0.095677,0.095594,0.095828,48164372.90129328,0.078611
2023-04-04,0.10346,0.09218,0.096116,0.096168,0.096081,0.096151,25215123.59253303,0.095677
2023-04-05,0.099118,0.09051,0.093096,0.093151,0.09304,0.093152,12814802.33256318,0.096168
2023-04-06,0.093545,0.084095,0.085692,0.085628,0.085647,0.085737,13707182.96808065,0.093151
2023-04-07,0.08614,0.081049,0.082736,0.082751,0.082715,0.082757,16187736.52106155,0.085628
2023-04-08,0.083772,0.080198,0.081337,0.081337,0.081308,0.081366,4784209.43283588,0.082751
2023-04-09,0.083836,0.081041,0.083307,0.083262,0.083274,0.08334,3782586.97135838,0.081337
2023-04-10,0.084887,0.082216,0.084799,0.084753,0.084766,0.084832,5805451.77336053,0.083262
2023-04-11,0.08575,0.083609,0.083951,0.084004,0.083933,0.083969,3491112.50818321,0.084753
2023-04-12,0.08462,0.08035,0.0829625,0.083037,0.082938,0.082987,9278354.56513212,0.084004
2023-04-13,0.0887,0.08282,0.0874055,0.087362,0.087382,0.087429,19479347.15128813,0.083037
2023-04-14,0.091309,0.085211,0.088837,0.088855,0.088815,0.088859,13942229.45860866,0.087362
2023-04-15,0.09049,0.087124,0.088998,0.088996,0.08898,0.089016,5156124.78092565,0.088855
2023-04-16,0.09183,0.08765,0.090808,0.090792,0.090792,0.090824,8014039.24947582,0.088996
2023-04-17,0.09484,0.087981,0.0918935,0.09192,0.091893,0.091894,14165724.28016091,0.090792
2023-04-18,0.095155,0.089789,0.093529,0.093555,0.0935,0.093558,7874301.8020175,0.09192
2023-04-19,0.094196,0.085,0.087721,0.087724,0.087698,0.087744,15102345.80652227,0.093555
2023-04-20,0.0935,0.082504,0.083782,0.083862,0.083753,0.083811,26735648.76531912,0.087724
2023-04-21,0.084703,0.076242,0.0785475,0.078576,0.078519,0.078576,11531001.57164345,0.083862
2023-04-22,0.081018,0.078185,0.080417,0.080395,0.080393,0.080441,3920697.54486434,0.078576
2023-04-23,0.080892,0.076537,0.0789045,0.078892,0.078892,0.078917,4781002.66191117,0.080395
2023-04-24,0.080091,0.077296,0.0787585,0.078737,0.078726,0.078791,4067553.88909981,0.078892
2023-04-25,0.079978,0.077576,0.0798145,0.079816,0.079789,0.07984,3101056.59146186,0.078737
2023-04-26,0.083599,0.074591,0.078447,0.078463,0.078438,0.078456,15166729.65546887,0.079816
2023-04-27,0.080994,0.078336,0.08015,0.080152,0.080128,0.080172,5326639.74355655,0.078463
2023-04-28,0.0808,0.079122,0.0803515,0.080381,0.08034,0.080363,3384598.4243067,0.080152
2023-04-29,0.082044,0.080128,0.0812705,0.081247,0.081242,0.081299,2440572.42307195,0.080381
2023-04-30,0.081793,0.079272,0.08002,0.079933,0.079999,0.080041,3182877.41311142,0.081247
2023-05-01,0.080083,0.077433,0.0788205,0.07887,0.078802,0.078839,6941591.68725056,0.079933
2023-05-02,0.079158,0.077531,0.0788405,0.078874,0.078824,0.078857,2504002.82602572,0.07887
2023-05-03,0.080679,0.077136,0.080276,0.080191,0.080265,0.080287,4075010.35271184,0.078874
2023-05-04,0.080098,0.078003,0.078262,0.078228,0.078248,0.078276,3393243.69620457,0.080191
2023-05-05,0.081602,0.077,0.0802745,0.080276,0.080271,0.080278,3993843.87130145,0.078228
2023-05-06,0.080571,0.075867,0.0768345,0.076818,0.07682,0.076849,6002173.63291731,0.080276
2023-05-07,0.077649,0.07661,0.077296,0.077317,0.077275,0.077317,2048899.33156614,0.076818
2023-05-08,0.077635,0.069768,0.072303,0.072268,0.07229,0.072316,8953555.59387663,0.077317
2023-05-09,0.073467,0.072138,0.073091,0.073066,0.073076,0.073106,5797318.49348975,0.072268
2023-05-10,0.074779,0.070511,0.0733085,0.073362,0.073279,0.073338,4557357.63403565,0.073066
2023-05-11,0.073347,0.069064,0.0722095,0.07226,0.072183,0.072236,8368264.37465454,0.073362
2023-05-12,0.072741,0.069397,0.0722595,0.072234,0.072236,0.072283,5668308.49611961,0.07226
2023-05-13,0.072724,0.071343,0.0720025,0.071994,0.071983,0.072022,1408279.00567959,0.072234
2023-05-14,0.072723,0.071114,0.071981,0.072066,0.071961,0.072001,2273648.29343658,0.071994
2023-05-15,0.07375,0.07095,0.072312,0.072326,0.072298,0.072326,2822100.12686225,0.072066
2023-05-16,0.073309,0.070968,0.0725805,0.072576,0.072576,0.072585,3552218.88012522,0.072326
2023-05-17,0.075518,0.072378,0.075004,0.075,0.074985,0.075023,5760617.06872498,0.072576
2023-05-18,0.075157,0.071749,0.074103,0.074074,0.074074,0.074132,3157653.34859804,0.075
2023-05-19,0.07425,0.073125,0.0737445,0.073746,0.073724,0.073765,2831130.04172875,0.074074
2023-05-20,0.073916,0.073117,0.073646,0.073668,0.073625,0.073667,744945.87132174,0.073746
2023-05-21,0.074066,0.071975,0.0723455,0.072341,0.072322,0.072369,1242386.45824556,0.073668
2023-05-22,0.074064,0.070768,0.07317,0.073089,0.073147,0.073193,3855206.22622672,0.072341
2023-05-23,0.074012,0.072476,0.0728705,0.072895,0.072847,0.072894,1261263.84569643,0.073089
2023-05-24,0.07293,0.06929,0.0707885,0.070772,0.070769,0.070808,2706969.3101452,0.072895
2023-05-25,0.0712,0.068474,0.0710235,0.070945,0.071017,0.07103,2175607.93287503,0.070772
2023-05-26,0.071406,0.070386,0.0709905,0.070937,0.070971,0.07101,1591940.42915914,0.070945
2023-05-27,0.073465,0.070773,0.0733385,0.073425,0.073302,0.073375,1428577.5389676,0.070937
2023-05-28,0.074094,0.071857,0.0737255,0.073733,0.073697,0.073754,2021685.66936627,0.073425
2023-05-29,0.074097,0.072681,0.073243,0.073231,0.073229,0.073257,2180132.44552806,0.073733
2023-05-30,0.073574,0.072069,0.0724705,0.072489,0.072452,0.072489,2195919.55221826,0.073231
2023-05-31,0.072721,0.070593,0.0715895,0.071595,0.071584,0.071595,1310962.007812,0.072489
2023-06-01,0.072185,0.070709,0.0717215,0.071793,0.071697,0.071746,715785.38087116,0.071595
2023-06-02,0.07335,0.07091,0.072626,0.072571,0.072602,0.07265,1141469.13643581,0.071793
2023-06-03,0.073032,0.072179,0.072601,0.07264,0.072583,0.072619,491058.46560783,0.072571
2023-06-04,0.07335,0.072442,0.073061,0.073039,0.073044,0.073078,575264.73710668,0.07264
2023-06-05,0.073078,0.063444,0.066473,0.066447,0.066449,0.066497,9495502.24269169,0.073039
2023-06-06,0.07203,0.065873,0.0707245,0.070665,0.070709,0.07074,7273864.96810483,0.066447
2023-06-07,0.070822,0.066703,0.067242,0.067274,0.067219,0.067265,2428929.14786251,0.070665
2023-06-08,0.068572,0.067038,0.0681075,0.068127,0.068088,0.068127,1588667.12038922,0.067274
2023-06-09,0.07123,0.067282,0.0692525,0.069271,0.069224,0.069281,3800567.31073698,0.068127
2023-06-10,0.071525,0.053547,0.062004,0.061992,0.061984,0.062024,17266226.17203057,0.069271
2023-06-11,0.063003,0.060979,0.0615795,0.061563,0.061559,0.0616,6932829.48590467,0.061992
2023-06-12,0.061762,0.059769,0.0615805,0.061591,0.061566,0.061595,3066063.78410324,0.061563
2023-06-13,0.062806,0.060584,0.0615875,0.061565,0.061575,0.0616,5510406.24118411,0.061591
2023-06-14,0.062249,0.058295,0.060085,0.060072,0.060068,0.060102,3333573.24394419,0.061565
2023-06-15,0.062022,0.059745,0.061667,0.06165,0.061643,0.061691,4986117.48706392,0.060072
2023-06-16,0.062876,0.060751,0.0621605,0.062186,0.062141,0.06218,4792619.62702717,0.06165
2023-06-17,0.063019,0.06172,0.062362,0.062345,0.062346,0.062378,1675271.0149426,0.062186
2023-06-18,0.064026,0.061113,0.061987,0.062009,0.061965,0.062009,3384721.13870835,0.062345
2023-06-19,0.062888,0.061529,0.0623545,0.062367,0.062335,0.062374,2744345.12233374,0.062009
2023-06-20,0.063026,0.06074,0.0629525,0.062958,0.06293,0.062975,1860751.44952902,0.062367
2023-06-21,0.066834,0.062845,0.065821,0.065888,0.065803,0.065839,4679491.69410996,0.062958
2023-06-22,0.069424,0.065001,0.0655125,0.065535,0.065492,0.065533,4234585.19259253,0.065888
2023-06-23,0.07022,0.065282,0.068194,0.068149,0.068184,0.068204,2399429.80091615,0.065535
2023-06-24,0.068435,0.06512,0.066783,0.066767,0.066756,0.06681,2818531.54217388,0.068149
2023-06-25,0.068109,0.066447,0.0668575,0.066829,0.066842,0.066873,1608640.54241386,0.066767
2023-06-26,0.066921,0.063196,0.064636,0.064636,0.064614,0.064658,2016479.24072079,0.066829
2023-06-27,0.065865,0.064395,0.065481,0.065382,0.065461,0.065501,4636186.73708145,0.064636
2023-06-28,0.066007,0.060041,0.062683,0.062717,0.062666,0.0627,3382068.68994939,0.065382
2023-06-29,0.064128,0.06241,0.063494,0.063505,0.063483,0.063505,2748943.26007421,0.062717
2023-06-30,0.067029,0.061157,0.066553,0.066586,0.066534,0.066572,10525556.37050866,0.063505
2023-07-01,0.071522,0.066314,0.068434,0.068437,0.068423,0.068445,10842308.34718516,0.066586
2023-07-02,0.06927,0.065981,0.0682955,0.068306,0.068274,0.068317,6950217.09831381,0.068437
2023-07-03,0.068859,0.067323,0.068363,0.068332,0.068341,0.068385,4814165.0321817,0.068306
2023-07-04,0.071845,0.0677,0.0691545,0.069175,0.069128,0.069181,4893676.56879834,0.068332
2023-07-05,0.069344,0.065617,0.0669325,0.066919,0.066909,0.066956,4465222.9277408,0.069175
2023-07-06,0.068672,0.064731,0.0657,0.065701,0.065669,0.065731,2943324.53007596,0.066919
2023-07-07,0.065958,0.064217,0.065593,0.065613,0.065578,0.065608,2353589.65015481,0.065701
2023-07-08,0.066177,0.064751,0.0659325,0.065982,0.065924,0.065941,2817415.88480875,0.065613
2023-07-09,0.066438,0.065196,0.0655735,0.065629,0.065559,0.065588,1723332.91580089,0.065982
2023-07-10,0.066279,0.06338,0.065276,0.065218,0.065253,0.065299,6369544.6390268,0.065629
2023-07-11,0.065556,0.064437,0.0652525,0.065265,0.06524,0.065265,1944526.12530552,0.065218
2023-07-12,0.065815,0.063796,0.064649,0.064666,0.064627,0.064671,3203927.68499334,0.065265
2023-07-13,0.071749,0.064686,0.070068,0.070009,0.070055,0.070081,8336209.7636873,0.064666
2023-07-14,0.073231,0.06624,0.068178,0.068273,0.06816,0.068196,12568660.75496793,0.070009
2023-07-15,0.0752,0.067782,0.071906,0.071784,0.071881,0.071931,12435989.30095074,0.068273
2023-07-16,0.072264,0.069055,0.069996,0.06997,0.069981,0.070011,5000302.90095478,0.071784
2023-07-17,0.073321,0.067711,0.0696375,0.069659,0.069615,0.06966,6300208.41886837,0.06997
2023-07-18,0.070439,0.067148,0.068592,0.068638,0.068564,0.06862,4283391.58181911,0.069659
2023-07-19,0.07255,0.068329,0.070294,0.070261,0.070271,0.070317,14479410.48851365,0.068638
2023-07-20,0.073929,0.069353,0.0706165,0.070563,0.070597,0.070636,8226363.97145588,0.070261
2023-07-21,0.076865,0.070365,0.0737595,0.073631,0.073725,0.073794,7946411.70793639,0.070563
2023-07-22,0.073682,0.070298,0.0708875,0.070947,0.070869,0.070906,3248963.63022497,0.073631
