,0
2003-02-07,2500.0
2003-02-10,
2003-02-11,
2003-02-12,
2003-02-13,
2003-02-14,
2003-02-17,
2003-02-18,
2003-02-19,
2003-02-20,
2003-02-21,
2003-02-24,
2003-02-25,
2003-02-26,
2003-02-27,
2003-02-28,
2003-03-03,
2003-03-04,
2003-03-05,
2003-03-06,
2003-03-07,
2003-03-10,
2003-03-11,
2003-03-12,
2003-03-13,
2003-03-14,
2003-03-17,
2003-03-18,
2003-03-19,1250.0
2003-03-20,
2003-03-21,
2003-03-24,
2003-03-25,
2003-03-26,
2003-03-27,
2003-03-28,
2003-03-31,
2003-04-01,
2003-04-02,
2003-04-03,
2003-04-04,
2003-04-07,
2003-04-08,2250.0
2003-04-09,
2003-04-10,
2003-04-11,
2003-04-14,
2003-04-15,
2003-04-16,
2003-04-17,
2003-04-18,
2003-04-21,
2003-04-22,
2003-04-23,
2003-04-24,
2003-04-25,
2003-04-28,
2003-04-29,
2003-04-30,
2003-05-01,
2003-05-02,
2003-05-05,
2003-05-06,
2003-05-07,
2003-05-08,
2003-05-09,
2003-05-12,
2003-05-13,
2003-05-14,
2003-05-15,
2003-05-16,
2003-05-19,
2003-05-20,
2003-05-21,
2003-05-22,
2003-05-23,
2003-05-26,
2003-05-27,
2003-05-28,
2003-05-29,
2003-05-30,
2003-06-02,
2003-06-03,
2003-06-04,1250.0
2003-06-05,
2003-06-06,
2003-06-09,
2003-06-10,
2003-06-11,
2003-06-12,
2003-06-13,
2003-06-16,
2003-06-17,
2003-06-18,2250.0
2003-06-19,1250.0
2003-06-20,3500.0
2003-06-23,
2003-06-24,
2003-06-25,
2003-06-26,
2003-06-27,
2003-06-30,
2003-07-01,
2003-07-02,
2003-07-03,
2003-07-04,
2003-07-07,
2003-07-08,
2003-07-09,
2003-07-10,
2003-07-11,
2003-07-14,
2003-07-15,
2003-07-16,
2003-07-17,
2003-07-18,
2003-07-21,
2003-07-22,
2003-07-23,
2003-07-24,
2003-07-25,
2003-07-28,
2003-07-29,
2003-07-30,
2003-07-31,
2003-08-01,
2003-08-04,
2003-08-05,
2003-08-06,
2003-08-07,
2003-08-08,
2003-08-11,
2003-08-12,
2003-08-13,
2003-08-14,
2003-08-15,
2003-08-18,
2003-08-19,
2003-08-20,
2003-08-21,
2003-08-22,
2003-08-25,
2003-08-26,
2003-08-27,
2003-08-28,
2003-08-29,
2003-09-01,
2003-09-02,
2003-09-03,
2003-09-04,
2003-09-05,
2003-09-08,
2003-09-09,
2003-09-10,
2003-09-11,
2003-09-12,
2003-09-15,
2003-09-16,
2003-09-17,
2003-09-18,
2003-09-19,
2003-09-22,
2003-09-23,
2003-09-24,
2003-09-25,
2003-09-26,
2003-09-29,
2003-09-30,
2003-10-01,
2003-10-02,
2003-10-03,
2003-10-06,
2003-10-07,
2003-10-08,
2003-10-09,
2003-10-10,
2003-10-13,
2003-10-14,
2003-10-15,
2003-10-16,
2003-10-17,
2003-10-20,
2003-10-21,
2003-10-22,
2003-10-23,
2003-10-24,
2003-10-27,
2003-10-28,
2003-10-29,
2003-10-30,
2003-10-31,
2003-11-03,
2003-11-04,4000.0
2003-11-05,2750.0
2003-11-06,
2003-11-07,
2003-11-10,
2003-11-11,
2003-11-12,
2003-11-13,
2003-11-14,
2003-11-17,
2003-11-18,
2003-11-19,
2003-11-20,
2003-11-21,
2003-11-24,
2003-11-25,
2003-11-26,
2003-11-27,
2003-11-28,
2003-12-01,
2003-12-02,
2003-12-03,
2003-12-04,
2003-12-05,
2003-12-08,
2003-12-09,
2003-12-10,
2003-12-11,
2003-12-12,
2003-12-15,
2003-12-16,1750.0
2003-12-17,
2003-12-18,
2003-12-19,
2003-12-22,
2003-12-23,
2003-12-24,
2003-12-25,
2003-12-26,
2003-12-29,
2003-12-30,
2003-12-31,
2004-01-01,
2004-01-02,
2004-01-05,
2004-01-06,2500.0
2004-01-07,
2004-01-08,
2004-01-09,2250.0
2004-01-12,
2004-01-13,
2004-01-14,
2004-01-15,
2004-01-16,
2004-01-19,
2004-01-20,
2004-01-21,
2004-01-22,
2004-01-23,
2004-01-26,
2004-01-27,
2004-01-28,
2004-01-29,
2004-01-30,
2004-02-02,
2004-02-03,
2004-02-04,
2004-02-05,
2004-02-06,
2004-02-09,
2004-02-10,
2004-02-11,
2004-02-12,
2004-02-13,
2004-02-16,
2004-02-17,
2004-02-18,
2004-02-19,
2004-02-20,
2004-02-23,
2004-02-24,
2004-02-25,
2004-02-26,
2004-02-27,
2004-03-01,
2004-03-02,
2004-03-03,
2004-03-04,
2004-03-05,
2004-03-08,
2004-03-09,
2004-03-10,
2004-03-11,
2004-03-12,
2004-03-15,
2004-03-16,
2004-03-17,
2004-03-18,
2004-03-19,
2004-03-22,
2004-03-23,
2004-03-24,
2004-03-25,
2004-03-26,
2004-03-29,
2004-03-30,
2004-03-31,
2004-04-01,
2004-04-02,
2004-04-05,
2004-04-06,
2004-04-07,
2004-04-08,
2004-04-09,
2004-04-12,
2004-04-13,
2004-04-14,
2004-04-15,
2004-04-16,
2004-04-19,
2004-04-20,
2004-04-21,
2004-04-22,
2004-04-23,
2004-04-26,
2004-04-27,
2004-04-28,
2004-04-29,
2004-04-30,
2004-05-03,
2004-05-04,
2004-05-05,
2004-05-06,
2004-05-07,
2004-05-10,
2004-05-11,
2004-05-12,
2004-05-13,
2004-05-14,
2004-05-17,
2004-05-18,
2004-05-19,
2004-05-20,
2004-05-21,
2004-05-24,
2004-05-25,
2004-05-26,
2004-05-27,
2004-05-28,
2004-05-31,
2004-06-01,
2004-06-02,
2004-06-03,
2004-06-04,
2004-06-07,
2004-06-08,
2004-06-09,
2004-06-10,
2004-06-11,
2004-06-14,
2004-06-15,
2004-06-16,
2004-06-17,
2004-06-18,
2004-06-21,
2004-06-22,
2004-06-23,
2004-06-24,
2004-06-25,
2004-06-28,
2004-06-29,
2004-06-30,
2004-07-01,
2004-07-02,
2004-07-05,
2004-07-06,
2004-07-07,
2004-07-08,
2004-07-09,
2004-07-12,
2004-07-13,
2004-07-14,
2004-07-15,
2004-07-16,
2004-07-19,
2004-07-20,
2004-07-21,
2004-07-22,
2004-07-23,
2004-07-26,
2004-07-27,
2004-07-28,
2004-07-29,
2004-07-30,
2004-08-02,
2004-08-03,
2004-08-04,
2004-08-05,
2004-08-06,
2004-08-09,
2004-08-10,
2004-08-11,
2004-08-12,
2004-08-13,
2004-08-16,
2004-08-17,
2004-08-18,
2004-08-19,
2004-08-20,
2004-08-23,
2004-08-24,
2004-08-25,
2004-08-26,
2004-08-27,
2004-08-30,
2004-08-31,
2004-09-01,
2004-09-02,
2004-09-03,
2004-09-06,
2004-09-07,
2004-09-08,
2004-09-09,
2004-09-10,
2004-09-13,
2004-09-14,
2004-09-15,
2004-09-16,
2004-09-17,
2004-09-20,
2004-09-21,
2004-09-22,
2004-09-23,
2004-09-24,
2004-09-27,
2004-09-28,
2004-09-29,
2004-09-30,
2004-10-01,
2004-10-04,
2004-10-05,
2004-10-06,
2004-10-07,
2004-10-08,
2004-10-11,
2004-10-12,
2004-10-13,
2004-10-14,
2004-10-15,
2004-10-18,
2004-10-19,
2004-10-20,
2004-10-21,
2004-10-22,
2004-10-25,
2004-10-26,
2004-10-27,
2004-10-28,
2004-10-29,
2004-11-01,
2004-11-02,
2004-11-03,
2004-11-04,
2004-11-05,
2004-11-08,
2004-11-09,
2004-11-10,
2004-11-11,
2004-11-12,
2004-11-15,
2004-11-16,
2004-11-17,
2004-11-18,
2004-11-19,
2004-11-22,
2004-11-23,
2004-11-24,
2004-11-25,
2004-11-26,
2004-11-29,
2004-11-30,
2004-12-01,
2004-12-02,
2004-12-03,
2004-12-06,
2004-12-07,
2004-12-08,
2004-12-09,
2004-12-10,
2004-12-13,
2004-12-14,
2004-12-15,
2004-12-16,
2004-12-17,
2004-12-20,
2004-12-21,
2004-12-22,
2004-12-23,
2004-12-24,
2004-12-27,
2004-12-28,
2004-12-29,
2004-12-30,
2004-12-31,
2005-01-03,
2005-01-04,
2005-01-05,
2005-01-06,
2005-01-07,
2005-01-10,
2005-01-11,
2005-01-12,
2005-01-13,
2005-01-14,
2005-01-17,
2005-01-18,
2005-01-19,
2005-01-20,
2005-01-21,
2005-01-24,
2005-01-25,
2005-01-26,
2005-01-27,
2005-01-28,
2005-01-31,
2005-02-01,
2005-02-02,
2005-02-03,
2005-02-04,
2005-02-07,
2005-02-08,
2005-02-09,
2005-02-10,
2005-02-11,
2005-02-14,
2005-02-15,
2005-02-16,
2005-02-17,
2005-02-18,
2005-02-21,
2005-02-22,
2005-02-23,
2005-02-24,
2005-02-25,
2005-02-28,
2005-03-01,
2005-03-02,
2005-03-03,
2005-03-04,
2005-03-07,
2005-03-08,
2005-03-09,
2005-03-10,
2005-03-11,
2005-03-14,
2005-03-15,
2005-03-16,
2005-03-17,
2005-03-18,
2005-03-21,
2005-03-22,
2005-03-23,
2005-03-24,
2005-03-25,
2005-03-28,
2005-03-29,
2005-03-30,
2005-03-31,
2005-04-01,
2005-04-04,
2005-04-05,
2005-04-06,
2005-04-07,
2005-04-08,
2005-04-11,
2005-04-12,
2005-04-13,
2005-04-14,
2005-04-15,
2005-04-18,
2005-04-19,
2005-04-20,
2005-04-21,
2005-04-22,
2005-04-25,
2005-04-26,
2005-04-27,
2005-04-28,
2005-04-29,
2005-05-02,
2005-05-03,
2005-05-04,
2005-05-05,
2005-05-06,
2005-05-09,
2005-05-10,
2005-05-11,
2005-05-12,
2005-05-13,
2005-05-16,
2005-05-17,
2005-05-18,
2005-05-19,
2005-05-20,
2005-05-23,
2005-05-24,
2005-05-25,
2005-05-26,
2005-05-27,
2005-05-30,
2005-05-31,
2005-06-01,
2005-06-02,
2005-06-03,
2005-06-06,
2005-06-07,
2005-06-08,
2005-06-09,
2005-06-10,
2005-06-13,
2005-06-14,
2005-06-15,
2005-06-16,
2005-06-17,
2005-06-20,
2005-06-21,
2005-06-22,
2005-06-23,
2005-06-24,
2005-06-27,
2005-06-28,
2005-06-29,
2005-06-30,
2005-07-01,
2005-07-04,
2005-07-05,
2005-07-06,
2005-07-07,
2005-07-08,
2005-07-11,
2005-07-12,
2005-07-13,
2005-07-14,
2005-07-15,
2005-07-18,
2005-07-19,
2005-07-20,
2005-07-21,
2005-07-22,
2005-07-25,
2005-07-26,
2005-07-27,
2005-07-28,
2005-07-29,
2005-08-01,
2005-08-02,
2005-08-03,
2005-08-04,
2005-08-05,
2005-08-08,
2005-08-09,
2005-08-10,
2005-08-11,
2005-08-12,
2005-08-15,
2005-08-16,
2005-08-17,
2005-08-18,
2005-08-19,
2005-08-22,
2005-08-23,
2005-08-24,
2005-08-25,
2005-08-26,
2005-08-29,
2005-08-30,
2005-08-31,
2005-09-01,
2005-09-02,
2005-09-05,
2005-09-06,
2005-09-07,
2005-09-08,
2005-09-09,
2005-09-12,
2005-09-13,
2005-09-14,
2005-09-15,
2005-09-16,
2005-09-19,
2005-09-20,
2005-09-21,
2005-09-22,
2005-09-23,
2005-09-26,
2005-09-27,
2005-09-28,
2005-09-29,
2005-09-30,
2005-10-03,
2005-10-04,
2005-10-05,
2005-10-06,
2005-10-07,
2005-10-10,
2005-10-11,
2005-10-12,
2005-10-13,
2005-10-14,
2005-10-17,
2005-10-18,
2005-10-19,
2005-10-20,
2005-10-21,
2005-10-24,
2005-10-25,
2005-10-26,
2005-10-27,
2005-10-28,
2005-10-31,
2005-11-01,
2005-11-02,
2005-11-03,
2005-11-04,
2005-11-07,
2005-11-08,
2005-11-09,
2005-11-10,
2005-11-11,
2005-11-14,
2005-11-15,
2005-11-16,
2005-11-17,
2005-11-18,
2005-11-21,
2005-11-22,
2005-11-23,
2005-11-24,
2005-11-25,
2005-11-28,
2005-11-29,
2005-11-30,
2005-12-01,
2005-12-02,
2005-12-05,
2005-12-06,
2005-12-07,
2005-12-08,
2005-12-09,
2005-12-12,
2005-12-13,
2005-12-14,
2005-12-15,
2005-12-16,
2005-12-19,
2005-12-20,
2005-12-21,
2005-12-22,
2005-12-23,
2005-12-26,
2005-12-27,
2005-12-28,
2005-12-29,
2005-12-30,
2006-01-02,
2006-01-03,
2006-01-04,
2006-01-05,
2006-01-06,
2006-01-09,
2006-01-10,
2006-01-11,
2006-01-12,
2006-01-13,
2006-01-16,
2006-01-17,
2006-01-18,
2006-01-19,
2006-01-20,
2006-01-23,
2006-01-24,
2006-01-25,
2006-01-26,
2006-01-27,
2006-01-30,
2006-01-31,
2006-02-01,
2006-02-02,
2006-02-03,
2006-02-06,
2006-02-07,
2006-02-08,
2006-02-09,
2006-02-10,
2006-02-13,
2006-02-14,
2006-02-15,
2006-02-16,
2006-02-17,
2006-02-20,
2006-02-21,
2006-02-22,
2006-02-23,
2006-02-24,
2006-02-27,
2006-02-28,
2006-03-01,
2006-03-02,
2006-03-03,
2006-03-06,
2006-03-07,
2006-03-08,
2006-03-09,
2006-03-10,
2006-03-13,
2006-03-14,
2006-03-15,
2006-03-16,
2006-03-17,
2006-03-20,
2006-03-21,
2006-03-22,
2006-03-23,
2006-03-24,
2006-03-27,
2006-03-28,
2006-03-29,
2006-03-30,
2006-03-31,
2006-04-03,
2006-04-04,
2006-04-05,
2006-04-06,
2006-04-07,
2006-04-10,
2006-04-11,
2006-04-12,
2006-04-13,
2006-04-14,
2006-04-17,
2006-04-18,
2006-04-19,
2006-04-20,
2006-04-21,
2006-04-24,
2006-04-25,
2006-04-26,
2006-04-27,
2006-04-28,
2006-05-01,
2006-05-02,
2006-05-03,
2006-05-04,
2006-05-05,
2006-05-08,
2006-05-09,
2006-05-10,
2006-05-11,
2006-05-12,
2006-05-15,
2006-05-16,
2006-05-17,
2006-05-18,
2006-05-19,
2006-05-22,
2006-05-23,
2006-05-24,
2006-05-25,
2006-05-26,
2006-05-29,
2006-05-30,
2006-05-31,
2006-06-01,
2006-06-02,
2006-06-05,
2006-06-06,
2006-06-07,
2006-06-08,
2006-06-09,
2006-06-12,
2006-06-13,
2006-06-14,
2006-06-15,
2006-06-16,
2006-06-19,
2006-06-20,
2006-06-21,
2006-06-22,
2006-06-23,
2006-06-26,
2006-06-27,
2006-06-28,
2006-06-29,
2006-06-30,
2006-07-03,
2006-07-04,
2006-07-05,
2006-07-06,
2006-07-07,
2006-07-10,
2006-07-11,
2006-07-12,
2006-07-13,
2006-07-14,
2006-07-17,
2006-07-18,
2006-07-19,
2006-07-20,
2006-07-21,
2006-07-24,
2006-07-25,
2006-07-26,
2006-07-27,
2006-07-28,
2006-07-31,
2006-08-01,
2006-08-02,
2006-08-03,
2006-08-04,
2006-08-07,
2006-08-08,
2006-08-09,
2006-08-10,
2006-08-11,
2006-08-14,
2006-08-15,
2006-08-16,
2006-08-17,
2006-08-18,
2006-08-21,
2006-08-22,
2006-08-23,
2006-08-24,
2006-08-25,
2006-08-28,
2006-08-29,
2006-08-30,
2006-08-31,
2006-09-01,
2006-09-04,
2006-09-05,
2006-09-06,
2006-09-07,
2006-09-08,
2006-09-11,
2006-09-12,
2006-09-13,
2006-09-14,
2006-09-15,
2006-09-18,
2006-09-19,
2006-09-20,
2006-09-21,
2006-09-22,
2006-09-25,
2006-09-26,
2006-09-27,
2006-09-28,
2006-09-29,
2006-10-02,
2006-10-03,
2006-10-04,
2006-10-05,
2006-10-06,
2006-10-09,
2006-10-10,
2006-10-11,
2006-10-12,
2006-10-13,
2006-10-16,
2006-10-17,
2006-10-18,
2006-10-19,
2006-10-20,
2006-10-23,
2006-10-24,
2006-10-25,
2006-10-26,
2006-10-27,
2006-10-30,
2006-10-31,
2006-11-01,
2006-11-02,
2006-11-03,
2006-11-06,
2006-11-07,
2006-11-08,
2006-11-09,
2006-11-10,
2006-11-13,
2006-11-14,
2006-11-15,
2006-11-16,
2006-11-17,
2006-11-20,
2006-11-21,
2006-11-22,
2006-11-23,
2006-11-24,
2006-11-27,
2006-11-28,
2006-11-29,
2006-11-30,
2006-12-01,
2006-12-04,
2006-12-05,
2006-12-06,
2006-12-07,
2006-12-08,
2006-12-11,
2006-12-12,
2006-12-13,
2006-12-14,
2006-12-15,
2006-12-18,
2006-12-19,
2006-12-20,
2006-12-21,
2006-12-22,
2006-12-25,
2006-12-26,
2006-12-27,
2006-12-28,
2006-12-29,
2007-01-01,
2007-01-02,
2007-01-03,
2007-01-04,
2007-01-05,
2007-01-08,
2007-01-09,
2007-01-10,
2007-01-11,
2007-01-12,
2007-01-15,
2007-01-16,
2007-01-17,
2007-01-18,
2007-01-19,
2007-01-22,
2007-01-23,
2007-01-24,
2007-01-25,
2007-01-26,
2007-01-29,
2007-01-30,
2007-01-31,
2007-02-01,
2007-02-02,
2007-02-05,
2007-02-06,
2007-02-07,
2007-02-08,
2007-02-09,
2007-02-12,
2007-02-13,
2007-02-14,
2007-02-15,
2007-02-16,
2007-02-19,
2007-02-20,
2007-02-21,
2007-02-22,
2007-02-23,
2007-02-26,
2007-02-27,
2007-02-28,
2007-03-01,
2007-03-02,
2007-03-05,
2007-03-06,
2007-03-07,
2007-03-08,
2007-03-09,
2007-03-12,
2007-03-13,
2007-03-14,
2007-03-15,
2007-03-16,
2007-03-19,
2007-03-20,
2007-03-21,
2007-03-22,
2007-03-23,
2007-03-26,
2007-03-27,
2007-03-28,
2007-03-29,
2007-03-30,
2007-04-02,
2007-04-03,
2007-04-04,
2007-04-05,
2007-04-06,
2007-04-09,
2007-04-10,
2007-04-11,
2007-04-12,
2007-04-13,
2007-04-16,
2007-04-17,
2007-04-18,
2007-04-19,
2007-04-20,
2007-04-23,
2007-04-24,
2007-04-25,
2007-04-26,5250.0
2007-04-27,6500.0
2007-04-30,
2007-05-01,
2007-05-02,5750.0
2007-05-03,
2007-05-04,
2007-05-07,
2007-05-08,
2007-05-09,
2007-05-10,1500.0
2007-05-11,
2007-05-14,
2007-05-15,
2007-05-16,
2007-05-17,
2007-05-18,
2007-05-21,
2007-05-22,
2007-05-23,
2007-05-24,
2007-05-25,
2007-05-28,
2007-05-29,
2007-05-30,
2007-05-31,
2007-06-01,
2007-06-04,
2007-06-05,
2007-06-06,
2007-06-07,
2007-06-08,
2007-06-11,
2007-06-12,
2007-06-13,
2007-06-14,
2007-06-15,
2007-06-18,
2007-06-19,
2007-06-20,
2007-06-21,
2007-06-22,
2007-06-25,
2007-06-26,
2007-06-27,
2007-06-28,
2007-06-29,
2007-07-02,
2007-07-03,
2007-07-04,
2007-07-05,
2007-07-06,
2007-07-09,
2007-07-10,
2007-07-11,
2007-07-12,
2007-07-13,
2007-07-16,
2007-07-17,
2007-07-18,
2007-07-19,
2007-07-20,
2007-07-23,
2007-07-24,
2007-07-25,
2007-07-26,
2007-07-27,
2007-07-30,
2007-07-31,
2007-08-01,
2007-08-02,
2007-08-03,
2007-08-06,
2007-08-07,
2007-08-08,
2007-08-09,
2007-08-10,
2007-08-13,
2007-08-14,
2007-08-15,
2007-08-16,
2007-08-17,
2007-08-20,
2007-08-21,
2007-08-22,
2007-08-23,
2007-08-24,
2007-08-27,
2007-08-28,
2007-08-29,
2007-08-30,
2007-08-31,
2007-09-03,
2007-09-04,
2007-09-05,
2007-09-06,
2007-09-07,
2007-09-10,
2007-09-11,
2007-09-12,
2007-09-13,
2007-09-14,
2007-09-17,
2007-09-18,
2007-09-19,
2007-09-20,
2007-09-21,
2007-09-24,
2007-09-25,
2007-09-26,
2007-09-27,
2007-09-28,
2007-10-01,
2007-10-02,
2007-10-03,
2007-10-04,
2007-10-05,
2007-10-08,
2007-10-09,
2007-10-10,
2007-10-11,
2007-10-12,
2007-10-15,
2007-10-16,
2007-10-17,
2007-10-18,
2007-10-19,
2007-10-22,
2007-10-23,
2007-10-24,
2007-10-25,
2007-10-26,
2007-10-29,
2007-10-30,
2007-10-31,
2007-11-01,
2007-11-02,
2007-11-05,
2007-11-06,
2007-11-07,
2007-11-08,
2007-11-09,
2007-11-12,
2007-11-13,
2007-11-14,
2007-11-15,
2007-11-16,
2007-11-19,
2007-11-20,
2007-11-21,
2007-11-22,
2007-11-23,
2007-11-26,
2007-11-27,
2007-11-28,
2007-11-29,
2007-11-30,
2007-12-03,
2007-12-04,
2007-12-05,
2007-12-06,
2007-12-07,
2007-12-10,
2007-12-11,
2007-12-12,
2007-12-13,
2007-12-14,
2007-12-17,
2007-12-18,
2007-12-19,
2007-12-20,
2007-12-21,
2007-12-24,
2007-12-25,
2007-12-26,
2007-12-27,
2007-12-28,
2007-12-31,
2008-01-01,
2008-01-02,
2008-01-03,
2008-01-04,
2008-01-07,
2008-01-08,
2008-01-09,
2008-01-10,
2008-01-11,
2008-01-14,
2008-01-15,
2008-01-16,
2008-01-17,
2008-01-18,
2008-01-21,
2008-01-22,
2008-01-23,
2008-01-24,
2008-01-25,
2008-01-28,
2008-01-29,
2008-01-30,
2008-01-31,
2008-02-01,
2008-02-04,
2008-02-05,
2008-02-06,
2008-02-07,
2008-02-08,
2008-02-11,
2008-02-12,
2008-02-13,
2008-02-14,
2008-02-15,
2008-02-18,
2008-02-19,
2008-02-20,
2008-02-21,
2008-02-22,
2008-02-25,
2008-02-26,
2008-02-27,
2008-02-28,
2008-02-29,
2008-03-03,
2008-03-04,
2008-03-05,
2008-03-06,
2008-03-07,
2008-03-10,
2008-03-11,
2008-03-12,
2008-03-13,
2008-03-14,
2008-03-17,
2008-03-18,
2008-03-19,7250.0
2008-03-20,
2008-03-21,
2008-03-24,
2008-03-25,
2008-03-26,
2008-03-27,
2008-03-28,6000.0
2008-03-31,5000.0
2008-04-01,
2008-04-02,3750.0
2008-04-03,
2008-04-04,
2008-04-07,
2008-04-08,
2008-04-09,
2008-04-10,
2008-04-11,
2008-04-14,
2008-04-15,
2008-04-16,
2008-04-17,
2008-04-18,
2008-04-21,
2008-04-22,
2008-04-23,
2008-04-24,
2008-04-25,
2008-04-28,
2008-04-29,
2008-04-30,
2008-05-01,
2008-05-02,
2008-05-05,
2008-05-06,
2008-05-07,
2008-05-08,
2008-05-09,
2008-05-12,
2008-05-13,
2008-05-14,
2008-05-15,
2008-05-16,
2008-05-19,
2008-05-20,
2008-05-21,
2008-05-22,
2008-05-23,
2008-05-26,
2008-05-27,
2008-05-28,
2008-05-29,
2008-05-30,
2008-06-02,
2008-06-03,
2008-06-04,
2008-06-05,
2008-06-06,
2008-06-09,
2008-06-10,
2008-06-11,
2008-06-12,
2008-06-13,
2008-06-16,
2008-06-17,
2008-06-18,
2008-06-19,
2008-06-20,
2008-06-23,
2008-06-24,
2008-06-25,
2008-06-26,
2008-06-27,
2008-06-30,
2008-07-01,
2008-07-02,
2008-07-03,
2008-07-04,
2008-07-07,
2008-07-08,
2008-07-09,
2008-07-10,
2008-07-11,
2008-07-14,
2008-07-15,
2008-07-16,
2008-07-17,
2008-07-18,
2008-07-21,
2008-07-22,
2008-07-23,
2008-07-24,
2008-07-25,
2008-07-28,
2008-07-29,
2008-07-30,
2008-07-31,
2008-08-01,
2008-08-04,
2008-08-05,
2008-08-06,
2008-08-07,
2008-08-08,
2008-08-11,
2008-08-12,
2008-08-13,
2008-08-14,
2008-08-15,
2008-08-18,
2008-08-19,
2008-08-20,
2008-08-21,
2008-08-22,
2008-08-25,
2008-08-26,
2008-08-27,
2008-08-28,
2008-08-29,
2008-09-01,
2008-09-02,
2008-09-03,
2008-09-04,
2008-09-05,
2008-09-08,
2008-09-09,
2008-09-10,
2008-09-11,
2008-09-12,
2008-09-15,
2008-09-16,
2008-09-17,
2008-09-18,
2008-09-19,
2008-09-22,
2008-09-23,
2008-09-24,25000.0
2008-09-25,22000.0
2008-09-26,26000.0
2008-09-29,
2008-09-30,
2008-10-01,20000.0
2008-10-02,25000.0
2008-10-03,25000.0
2008-10-06,25000.0
2008-10-07,
2008-10-08,
2008-10-09,
2008-10-10,
2008-10-13,
2008-10-14,25000.0
2008-10-15,25000.0
2008-10-16,25000.0
2008-10-17,25000.0
2008-10-20,25000.0
2008-10-21,25000.0
2008-10-22,25000.0
2008-10-23,25000.0
2008-10-24,25000.0
2008-10-27,25000.0
2008-10-28,25000.0
2008-10-29,25000.0
2008-10-30,25000.0
2008-10-31,25000.0
2008-11-03,25000.0
2008-11-04,25000.0
2008-11-05,25000.0
2008-11-06,25000.0
2008-11-07,25000.0
2008-11-10,15000.0
2008-11-11,
2008-11-12,25000.0
2008-11-13,25000.0
2008-11-14,25000.0
2008-11-17,25000.0
2008-11-18,20000.0
2008-11-19,25000.0
2008-11-20,25000.0
2008-11-21,25000.0
2008-11-24,25000.0
2008-11-25,25000.0
2008-11-26,25000.0
2008-11-27,
2008-11-28,25000.0
2008-12-01,25000.0
2008-12-02,25000.0
2008-12-03,25000.0
2008-12-04,25000.0
2008-12-05,25000.0
2008-12-08,25000.0
2008-12-09,25000.0
2008-12-10,25000.0
2008-12-11,25000.0
2008-12-12,25000.0
2008-12-15,25000.0
2008-12-16,25000.0
2008-12-17,
2008-12-18,
2008-12-19,
2008-12-22,
2008-12-23,
2008-12-24,
2008-12-25,
2008-12-26,
2008-12-29,
2008-12-30,
2008-12-31,
2009-01-01,
2009-01-02,
2009-01-05,
2009-01-06,
2009-01-07,
2009-01-08,
2009-01-09,
2009-01-12,
2009-01-13,
2009-01-14,
2009-01-15,
2009-01-16,
2009-01-19,
2009-01-20,
2009-01-21,
2009-01-22,
2009-01-23,
2009-01-26,
2009-01-27,
2009-01-28,
2009-01-29,
2009-01-30,
2009-02-02,
2009-02-03,
2009-02-04,
2009-02-05,
2009-02-06,
2009-02-09,
2009-02-10,
2009-02-11,
2009-02-12,
2009-02-13,
2009-02-16,
2009-02-17,
2009-02-18,
2009-02-19,
2009-02-20,
2009-02-23,
2009-02-24,
2009-02-25,
2009-02-26,
2009-02-27,
2009-03-02,
2009-03-03,
2009-03-04,
2009-03-05,
2009-03-06,
2009-03-09,
2009-03-10,
2009-03-11,
2009-03-12,
2009-03-13,
2009-03-16,
2009-03-17,
2009-03-18,
2009-03-19,
2009-03-20,
2009-03-23,
2009-03-24,
2009-03-25,
2009-03-26,
2009-03-27,
2009-03-30,
2009-03-31,
2009-04-01,
2009-04-02,
2009-04-03,
2009-04-06,
2009-04-07,
2009-04-08,
2009-04-09,
2009-04-10,
2009-04-13,
2009-04-14,
2009-04-15,
2009-04-16,
2009-04-17,
2009-04-20,
2009-04-21,
2009-04-22,
2009-04-23,
2009-04-24,
2009-04-27,
2009-04-28,
2009-04-29,
2009-04-30,
2009-05-01,
2009-05-04,
2009-05-05,
2009-05-06,
2009-05-07,
2009-05-08,
2009-05-11,
2009-05-12,
2009-05-13,
2009-05-14,
2009-05-15,
2009-05-18,
2009-05-19,
2009-05-20,
2009-05-21,
2009-05-22,
2009-05-25,
2009-05-26,
2009-05-27,
2009-05-28,
2009-05-29,
2009-06-01,
2009-06-02,
2009-06-03,
2009-06-04,
2009-06-05,
2009-06-08,
2009-06-09,
2009-06-10,
2009-06-11,
2009-06-12,
2009-06-15,
2009-06-16,
2009-06-17,
2009-06-18,
2009-06-19,
2009-06-22,
2009-06-23,
2009-06-24,
2009-06-25,
2009-06-26,
2009-06-29,
2009-06-30,
2009-07-01,
2009-07-02,
2009-07-03,
2009-07-06,
2009-07-07,
2009-07-08,
2009-07-09,
2009-07-10,
2009-07-13,
2009-07-14,
2009-07-15,
2009-07-16,
2009-07-17,
2009-07-20,
2009-07-21,
2009-07-22,
2009-07-23,
2009-07-24,
2009-07-27,
2009-07-28,
2009-07-29,
2009-07-30,
2009-07-31,
2009-08-03,
2009-08-04,
2009-08-05,
2009-08-06,
2009-08-07,
2009-08-10,
2009-08-11,
2009-08-12,
2009-08-13,
2009-08-14,
2009-08-17,
2009-08-18,
2009-08-19,
2009-08-20,
2009-08-21,
2009-08-24,
2009-08-25,
2009-08-26,
2009-08-27,
2009-08-28,
2009-08-31,
2009-09-01,
2009-09-02,
2009-09-03,
2009-09-04,
2009-09-07,
2009-09-08,
2009-09-09,
2009-09-10,
2009-09-11,
2009-09-14,
2009-09-15,
2009-09-16,
2009-09-17,
2009-09-18,
2009-09-21,
2009-09-22,
2009-09-23,
2009-09-24,
2009-09-25,
2009-09-28,
2009-09-29,
2009-09-30,
2009-10-01,
2009-10-02,
2009-10-05,
2009-10-06,
2009-10-07,
2009-10-08,
2009-10-09,
2009-10-12,
2009-10-13,
2009-10-14,
2009-10-15,
2009-10-16,
2009-10-19,
2009-10-20,
2009-10-21,
2009-10-22,
2009-10-23,
2009-10-26,
2009-10-27,
2009-10-28,
2009-10-29,
2009-10-30,
2009-11-02,
2009-11-03,
2009-11-04,
2009-11-05,
2009-11-06,
2009-11-09,
2009-11-10,
2009-11-11,
2009-11-12,
2009-11-13,
2009-11-16,
2009-11-17,
2009-11-18,
2009-11-19,
2009-11-20,
2009-11-23,
2009-11-24,
2009-11-25,
2009-11-26,
2009-11-27,
2009-11-30,
2009-12-01,
2009-12-02,
2009-12-03,
2009-12-04,180.0
2009-12-07,
2009-12-08,
2009-12-09,
2009-12-10,225.0
2009-12-11,225.0
2009-12-14,
2009-12-15,
2009-12-16,
2009-12-17,
2009-12-18,
2009-12-21,
2009-12-22,
2009-12-23,
2009-12-24,
2009-12-25,
2009-12-28,
2009-12-29,
2009-12-30,
2009-12-31,
2010-01-01,
2010-01-04,
2010-01-05,
2010-01-06,
2010-01-07,
2010-01-08,
2010-01-11,
2010-01-12,
2010-01-13,
2010-01-14,
2010-01-15,
2010-01-18,
2010-01-19,
2010-01-20,
2010-01-21,
2010-01-22,
2010-01-25,
2010-01-26,
2010-01-27,
2010-01-28,
2010-01-29,
2010-02-01,
2010-02-02,
2010-02-03,
2010-02-04,
2010-02-05,
2010-02-08,
2010-02-09,
2010-02-10,
2010-02-11,
2010-02-12,
2010-02-15,
2010-02-16,
2010-02-17,
2010-02-18,
2010-02-19,
2010-02-22,
2010-02-23,
2010-02-24,
2010-02-25,
2010-02-26,
2010-03-01,
2010-03-02,
2010-03-03,
2010-03-04,
2010-03-05,
2010-03-08,
2010-03-09,
2010-03-10,
2010-03-11,
2010-03-12,
2010-03-15,
2010-03-16,
2010-03-17,
2010-03-18,
2010-03-19,
2010-03-22,
2010-03-23,
2010-03-24,
2010-03-25,
2010-03-26,
2010-03-29,
2010-03-30,
2010-03-31,
2010-04-01,
2010-04-02,
2010-04-05,
2010-04-06,
2010-04-07,
2010-04-08,
2010-04-09,
2010-04-12,
2010-04-13,
2010-04-14,
2010-04-15,
2010-04-16,
2010-04-19,
2010-04-20,
2010-04-21,
2010-04-22,
2010-04-23,
2010-04-26,
2010-04-27,
2010-04-28,
2010-04-29,
2010-04-30,
2010-05-03,
2010-05-04,
2010-05-05,
2010-05-06,
2010-05-07,
2010-05-10,
2010-05-11,
2010-05-12,
2010-05-13,
2010-05-14,
2010-05-17,
2010-05-18,
2010-05-19,
2010-05-20,
2010-05-21,
2010-05-24,
2010-05-25,
2010-05-26,
2010-05-27,
2010-05-28,
2010-05-31,
2010-06-01,
2010-06-02,
2010-06-03,
2010-06-04,
2010-06-07,
2010-06-08,
2010-06-09,
2010-06-10,
2010-06-11,
2010-06-14,
2010-06-15,
2010-06-16,
2010-06-17,
2010-06-18,
2010-06-21,
2010-06-22,
2010-06-23,
2010-06-24,
2010-06-25,
2010-06-28,
2010-06-29,
2010-06-30,
2010-07-01,
2010-07-02,
2010-07-05,
2010-07-06,
2010-07-07,
2010-07-08,
2010-07-09,
2010-07-12,
2010-07-13,
2010-07-14,
2010-07-15,
2010-07-16,
2010-07-19,
2010-07-20,
2010-07-21,
2010-07-22,
2010-07-23,
2010-07-26,
2010-07-27,
2010-07-28,
2010-07-29,
2010-07-30,
2010-08-02,
2010-08-03,
2010-08-04,
2010-08-05,
2010-08-06,
2010-08-09,
2010-08-10,
2010-08-11,
2010-08-12,180.0
2010-08-13,
2010-08-16,
2010-08-17,
2010-08-18,
2010-08-19,
2010-08-20,
2010-08-23,
2010-08-24,
2010-08-25,
2010-08-26,
2010-08-27,
2010-08-30,
2010-08-31,
2010-09-01,
2010-09-02,
2010-09-03,
2010-09-06,
2010-09-07,
2010-09-08,
2010-09-09,
2010-09-10,
2010-09-13,
2010-09-14,
2010-09-15,
2010-09-16,
2010-09-17,
2010-09-20,
2010-09-21,
2010-09-22,
2010-09-23,
2010-09-24,
2010-09-27,
2010-09-28,
2010-09-29,
2010-09-30,
2010-10-01,
2010-10-04,
2010-10-05,
2010-10-06,
2010-10-07,
2010-10-08,
2010-10-11,
2010-10-12,
2010-10-13,
2010-10-14,
2010-10-15,
2010-10-18,
2010-10-19,
2010-10-20,
2010-10-21,
2010-10-22,
2010-10-25,
2010-10-26,
2010-10-27,
2010-10-28,
2010-10-29,
2010-11-01,
2010-11-02,
2010-11-03,
2010-11-04,
2010-11-05,
2010-11-08,
2010-11-09,
2010-11-10,
2010-11-11,
2010-11-12,
2010-11-15,
2010-11-16,
2010-11-17,
2010-11-18,
2010-11-19,
2010-11-22,
2010-11-23,
2010-11-24,
2010-11-25,
2010-11-26,
2010-11-29,
2010-11-30,
2010-12-01,
2010-12-02,
2010-12-03,
2010-12-06,
2010-12-07,
2010-12-08,
2010-12-09,
2010-12-10,
2010-12-13,
2010-12-14,
2010-12-15,
2010-12-16,
2010-12-17,
2010-12-20,
2010-12-21,
2010-12-22,
2010-12-23,
2010-12-24,
2010-12-27,
2010-12-28,
2010-12-29,
2010-12-30,
2010-12-31,
2011-01-03,
2011-01-04,
2011-01-05,
2011-01-06,
2011-01-07,
2011-01-10,
2011-01-11,
2011-01-12,
2011-01-13,
2011-01-14,
2011-01-17,
2011-01-18,
2011-01-19,
2011-01-20,
2011-01-21,
2011-01-24,
2011-01-25,
2011-01-26,
2011-01-27,
2011-01-28,
2011-01-31,
2011-02-01,
2011-02-02,
2011-02-03,
2011-02-04,
2011-02-07,
2011-02-08,
2011-02-09,
2011-02-10,
2011-02-11,
2011-02-14,
2011-02-15,
2011-02-16,
2011-02-17,
2011-02-18,
2011-02-21,
2011-02-22,
2011-02-23,
2011-02-24,
2011-02-25,
2011-02-28,
2011-03-01,
2011-03-02,
2011-03-03,
2011-03-04,
2011-03-07,
2011-03-08,
2011-03-09,
2011-03-10,
2011-03-11,
2011-03-14,
2011-03-15,
2011-03-16,
2011-03-17,
2011-03-18,
2011-03-21,
2011-03-22,
2011-03-23,
2011-03-24,
2011-03-25,310.0
2011-03-28,
2011-03-29,
2011-03-30,770.0
2011-03-31,
2011-04-01,
2011-04-04,
2011-04-05,
2011-04-06,
2011-04-07,
2011-04-08,
2011-04-11,
2011-04-12,
2011-04-13,
2011-04-14,
2011-04-15,
2011-04-18,
2011-04-19,
2011-04-20,
2011-04-21,
2011-04-22,
2011-04-25,
2011-04-26,
2011-04-27,
2011-04-28,
2011-04-29,
2011-05-02,
2011-05-03,
2011-05-04,
2011-05-05,
2011-05-06,
2011-05-09,
2011-05-10,
2011-05-11,
2011-05-12,
2011-05-13,
2011-05-16,
2011-05-17,
2011-05-18,
2011-05-19,
2011-05-20,
2011-05-23,
2011-05-24,
2011-05-25,
2011-05-26,
2011-05-27,
2011-05-30,
2011-05-31,
2011-06-01,
2011-06-02,
2011-06-03,
2011-06-06,
2011-06-07,
2011-06-08,
2011-06-09,280.0
2011-06-10,
2011-06-13,
2011-06-14,
2011-06-15,749.0
2011-06-16,
2011-06-17,
2011-06-20,
2011-06-21,
2011-06-22,
2011-06-23,
2011-06-24,
2011-06-27,
2011-06-28,
2011-06-29,
2011-06-30,
2011-07-01,
2011-07-04,
2011-07-05,
2011-07-06,
2011-07-07,
2011-07-08,
2011-07-11,
2011-07-12,
2011-07-13,
2011-07-14,
2011-07-15,
2011-07-18,
2011-07-19,
2011-07-20,
2011-07-21,
2011-07-22,
2011-07-25,
2011-07-26,
2011-07-27,
2011-07-28,
2011-07-29,
2011-08-01,
2011-08-02,
2011-08-03,
2011-08-04,
2011-08-05,
2011-08-08,
2011-08-09,
2011-08-10,
2011-08-11,
2011-08-12,
2011-08-15,
2011-08-16,20.0
2011-08-17,
2011-08-18,624.0
2011-08-19,
2011-08-22,
2011-08-23,
2011-08-24,
2011-08-25,
2011-08-26,
2011-08-29,
2011-08-30,
2011-08-31,
2011-09-01,
2011-09-02,
2011-09-05,
2011-09-06,
2011-09-07,
2011-09-08,
2011-09-09,
2011-09-12,
2011-09-13,
2011-09-14,
2011-09-15,
2011-09-16,
2011-09-19,
2011-09-20,
2011-09-21,
2011-09-22,
2011-09-23,
2011-09-26,
2011-09-27,
2011-09-28,
2011-09-29,
2011-09-30,
2011-10-03,
2011-10-04,
2011-10-05,
2011-10-06,
2011-10-07,
2011-10-10,
2011-10-11,
2011-10-12,
2011-10-13,
2011-10-14,
2011-10-17,
2011-10-18,
2011-10-19,
2011-10-20,
2011-10-21,
2011-10-24,
2011-10-25,
2011-10-26,
2011-10-27,
2011-10-28,
2011-10-31,
2011-11-01,
2011-11-02,
2011-11-03,
2011-11-04,
2011-11-07,
2011-11-08,
2011-11-09,
2011-11-10,
2011-11-11,
2011-11-14,
2011-11-15,
2011-11-16,
2011-11-17,
2011-11-18,
2011-11-21,
2011-11-22,
2011-11-23,
2011-11-24,
2011-11-25,
2011-11-28,
2011-11-29,
2011-11-30,
2011-12-01,
2011-12-02,
2011-12-05,
2011-12-06,
2011-12-07,
2011-12-08,
2011-12-09,
2011-12-12,
2011-12-13,
2011-12-14,
2011-12-15,
2011-12-16,
2011-12-19,
2011-12-20,
2011-12-21,
2011-12-22,
2011-12-23,
2011-12-26,
2011-12-27,
2011-12-28,
2011-12-29,
2011-12-30,
2012-01-02,
2012-01-03,
2012-01-04,
2012-01-05,
2012-01-06,
2012-01-09,
2012-01-10,
2012-01-11,
2012-01-12,
2012-01-13,
2012-01-16,
2012-01-17,
2012-01-18,
2012-01-19,
2012-01-20,
2012-01-23,
2012-01-24,
2012-01-25,
2012-01-26,
2012-01-27,
2012-01-30,
2012-01-31,
2012-02-01,
2012-02-02,
2012-02-03,
2012-02-06,
2012-02-07,
2012-02-08,
2012-02-09,
2012-02-10,
2012-02-13,
2012-02-14,
2012-02-15,
2012-02-16,
2012-02-17,
2012-02-20,
2012-02-21,
2012-02-22,
2012-02-23,
2012-02-24,
2012-02-27,
2012-02-28,
2012-02-29,
2012-03-01,100.0
2012-03-02,
2012-03-05,
2012-03-06,
2012-03-07,990.0
2012-03-08,
2012-03-09,
2012-03-12,
2012-03-13,
2012-03-14,
2012-03-15,
2012-03-16,
2012-03-19,
2012-03-20,
2012-03-21,
2012-03-22,
2012-03-23,
2012-03-26,
2012-03-27,
2012-03-28,
2012-03-29,
2012-03-30,
2012-04-02,
2012-04-03,
2012-04-04,
2012-04-05,
2012-04-06,
2012-04-09,
2012-04-10,
2012-04-11,
2012-04-12,
2012-04-13,
2012-04-16,
2012-04-17,
2012-04-18,
2012-04-19,
2012-04-20,
2012-04-23,
2012-04-24,
2012-04-25,
2012-04-26,
2012-04-27,
2012-04-30,
2012-05-01,
2012-05-02,
2012-05-03,
2012-05-04,
2012-05-07,
2012-05-08,
2012-05-09,
2012-05-10,
2012-05-11,
2012-05-14,
2012-05-15,
2012-05-16,
2012-05-17,
2012-05-18,
2012-05-21,
2012-05-22,
2012-05-23,
2012-05-24,
2012-05-25,
2012-05-28,
2012-05-29,
2012-05-30,
2012-05-31,
2012-06-01,
2012-06-04,
2012-06-05,
2012-06-06,
2012-06-07,
2012-06-08,
2012-06-11,
2012-06-12,
2012-06-13,
2012-06-14,
2012-06-15,
2012-06-18,
2012-06-19,
2012-06-20,
2012-06-21,
2012-06-22,
2012-06-25,
2012-06-26,
2012-06-27,
2012-06-28,
2012-06-29,
2012-07-02,
2012-07-03,
2012-07-04,
2012-07-05,
2012-07-06,
2012-07-09,
2012-07-10,
2012-07-11,
2012-07-12,
2012-07-13,
2012-07-16,
2012-07-17,
2012-07-18,
2012-07-19,
2012-07-20,
2012-07-23,
2012-07-24,
2012-07-25,
2012-07-26,
2012-07-27,
2012-07-30,
2012-07-31,
2012-08-01,
2012-08-02,
2012-08-03,
2012-08-06,
2012-08-07,
2012-08-08,
2012-08-09,
2012-08-10,
2012-08-13,
2012-08-14,
2012-08-15,
2012-08-16,
2012-08-17,
2012-08-20,
2012-08-21,
2012-08-22,
2012-08-23,
2012-08-24,
2012-08-27,
2012-08-28,
2012-08-29,
2012-08-30,
2012-08-31,
2012-09-03,
2012-09-04,
2012-09-05,
2012-09-06,
2012-09-07,60.0
2012-09-10,
2012-09-11,
2012-09-12,
2012-09-13,
2012-09-14,
2012-09-17,
2012-09-18,
2012-09-19,
2012-09-20,
2012-09-21,
2012-09-24,
2012-09-25,
2012-09-26,
2012-09-27,
2012-09-28,
2012-10-01,
2012-10-02,
2012-10-03,
2012-10-04,
2012-10-05,
2012-10-08,
2012-10-09,
2012-10-10,
2012-10-11,
2012-10-12,
2012-10-15,
2012-10-16,
2012-10-17,
2012-10-18,
2012-10-19,
2012-10-22,
2012-10-23,
2012-10-24,
2012-10-25,
2012-10-26,
2012-10-29,
2012-10-30,
2012-10-31,
2012-11-01,
2012-11-02,
2012-11-05,
2012-11-06,
2012-11-07,
2012-11-08,
2012-11-09,
2012-11-12,
2012-11-13,
2012-11-14,
2012-11-15,
2012-11-16,
2012-11-19,
2012-11-20,
2012-11-21,
2012-11-22,
2012-11-23,
2012-11-26,
2012-11-27,
2012-11-28,
2012-11-29,
2012-11-30,1180.0
2012-12-03,
2012-12-04,
2012-12-05,
2012-12-06,
2012-12-07,
2012-12-10,
2012-12-11,
2012-12-12,
2012-12-13,
2012-12-14,
2012-12-17,
2012-12-18,
2012-12-19,
2012-12-20,
2012-12-21,
2012-12-24,
2012-12-25,
2012-12-26,
2012-12-27,
2012-12-28,
2012-12-31,
2013-01-01,
2013-01-02,
2013-01-03,
2013-01-04,
2013-01-07,
2013-01-08,
2013-01-09,
2013-01-10,
2013-01-11,
2013-01-14,
2013-01-15,
2013-01-16,
2013-01-17,
2013-01-18,
2013-01-21,
2013-01-22,
2013-01-23,
2013-01-24,
2013-01-25,
2013-01-28,
2013-01-29,
2013-01-30,
2013-01-31,
2013-02-01,
2013-02-04,
2013-02-05,
2013-02-06,
2013-02-07,
2013-02-08,
2013-02-11,
2013-02-12,
2013-02-13,
2013-02-14,
2013-02-15,
2013-02-18,
2013-02-19,
2013-02-20,
2013-02-21,
2013-02-22,
2013-02-25,
2013-02-26,
2013-02-27,
2013-02-28,
2013-03-01,
2013-03-04,
2013-03-05,
2013-03-06,
2013-03-07,
2013-03-08,
2013-03-11,
2013-03-12,
2013-03-13,
2013-03-14,
2013-03-15,
2013-03-18,
2013-03-19,
2013-03-20,
2013-03-21,
2013-03-22,
2013-03-25,
2013-03-26,
2013-03-27,
2013-03-28,
2013-03-29,
2013-04-01,
2013-04-02,
2013-04-03,120.0
2013-04-04,
2013-04-05,1190.0
2013-04-08,
2013-04-09,
2013-04-10,
2013-04-11,
2013-04-12,
2013-04-15,
2013-04-16,
2013-04-17,
2013-04-18,
2013-04-19,
2013-04-22,
2013-04-23,
2013-04-24,
2013-04-25,
2013-04-26,
2013-04-29,
2013-04-30,
2013-05-01,
2013-05-02,
2013-05-03,
2013-05-06,
2013-05-07,
2013-05-08,
2013-05-09,
2013-05-10,
2013-05-13,
2013-05-14,
2013-05-15,
2013-05-16,
2013-05-17,
2013-05-20,
2013-05-21,
2013-05-22,
2013-05-23,
2013-05-24,
2013-05-27,
2013-05-28,
2013-05-29,
2013-05-30,
2013-05-31,
2013-06-03,
2013-06-04,
2013-06-05,
2013-06-06,
2013-06-07,
2013-06-10,
2013-06-11,
2013-06-12,
2013-06-13,
2013-06-14,
2013-06-17,
2013-06-18,
2013-06-19,
2013-06-20,
2013-06-21,
2013-06-24,
2013-06-25,
2013-06-26,
2013-06-27,
2013-06-28,
2013-07-01,
2013-07-02,
2013-07-03,
2013-07-04,
2013-07-05,
2013-07-08,
2013-07-09,
2013-07-10,
2013-07-11,
2013-07-12,
2013-07-15,
2013-07-16,
2013-07-17,
2013-07-18,
2013-07-19,
2013-07-22,
2013-07-23,
2013-07-24,
2013-07-25,
2013-07-26,
2013-07-29,
2013-07-30,
2013-07-31,
2013-08-01,
2013-08-02,
2013-08-05,
2013-08-06,
2013-08-07,2260.0
2013-08-08,
2013-08-09,
2013-08-12,
2013-08-13,2320.0
2013-08-14,1210.0
2013-08-15,
2013-08-16,
2013-08-19,5000.0
2013-08-20,5000.0
2013-08-21,
2013-08-22,
2013-08-23,
2013-08-26,
2013-08-27,
2013-08-28,
2013-08-29,
2013-08-30,
2013-09-02,
2013-09-03,
2013-09-04,
2013-09-05,
2013-09-06,
2013-09-09,
2013-09-10,
2013-09-11,
2013-09-12,
2013-09-13,
2013-09-16,
2013-09-17,
2013-09-18,
2013-09-19,
2013-09-20,
2013-09-23,11809.0
2013-09-24,12711.0
2013-09-25,6244.0
2013-09-26,9403.0
2013-09-27,16622.0
2013-09-30,58157.0
2013-10-01,4507.0
2013-10-02,2702.0
2013-10-03,2256.0
2013-10-04,1381.0
2013-10-07,755.0
2013-10-08,725.0
2013-10-09,425.0
2013-10-10,1997.0
2013-10-11,1421.0
2013-10-14,
2013-10-15,2096.0
2013-10-16,2970.0
2013-10-17,3122.0
2013-10-18,4221.0
2013-10-21,4876.0
2013-10-22,8370.0
2013-10-23,15740.0
2013-10-24,4949.0
2013-10-25,3283.0
2013-10-28,2148.0
2013-10-29,1872.0
2013-10-30,5456.0
2013-10-31,13890.0
2013-11-01,4650.0
2013-11-04,4088.0
2013-11-05,2425.0
2013-11-06,6715.0
2013-11-07,1075.0
2013-11-08,1480.0
2013-11-11,
2013-11-12,4400.0
2013-11-13,3970.0
2013-11-14,1341.0
2013-11-15,345.0
2013-11-18,2320.0
2013-11-19,5070.0
2013-11-20,6121.0
2013-11-21,5571.0
2013-11-22,3345.0
2013-11-25,3370.0
2013-11-26,3950.0
2013-11-27,5721.0
2013-11-28,
2013-11-29,22018.0
2013-12-02,8020.0
2013-12-03,7120.0
2013-12-04,11095.0
2013-12-05,5696.0
2013-12-06,7420.0
2013-12-09,10845.0
2013-12-10,14220.0
2013-12-11,34461.0
2013-12-12,26120.0
2013-12-13,17515.0
2013-12-16,6146.0
2013-12-17,14070.0
2013-12-18,11105.0
2013-12-19,15391.0
2013-12-20,26525.0
2013-12-23,28761.0
2013-12-24,42245.0
2013-12-25,
2013-12-26,46970.0
2013-12-27,94995.0
2013-12-30,102573.0
2013-12-31,197755.0
2014-01-01,
2014-01-02,83725.0
2014-01-03,56682.0
2014-01-06,77265.0
2014-01-07,60261.0
2014-01-08,43545.0
2014-01-09,51200.0
2014-01-10,49565.0
2014-01-13,60470.0
2014-01-14,54160.0
2014-01-15,46752.0
2014-01-16,67829.0
2014-01-17,73016.0
2014-01-20,
2014-01-21,82420.0
2014-01-22,93711.0
2014-01-23,84917.0
2014-01-24,72495.0
2014-01-27,85680.0
2014-01-28,94530.0
2014-01-29,94276.0
2014-01-30,98320.0
2014-01-31,102139.0
2014-02-03,69923.0
2014-02-04,105798.0
2014-02-05,100382.0
2014-02-06,101917.0
2014-02-07,101109.0
2014-02-10,112214.0
2014-02-11,98871.0
2014-02-12,94026.0
2014-02-13,101186.0
2014-02-14,87715.0
2014-02-17,
2014-02-18,70834.0
2014-02-19,83299.0
2014-02-20,84254.0
2014-02-21,104045.0
2014-02-24,96142.0
2014-02-25,103735.0
2014-02-26,130110.99999999999
2014-02-27,120886.0
2014-02-28,114479.0
2014-03-03,80225.0
2014-03-04,66129.0
2014-03-05,76183.0
2014-03-06,55489.0
2014-03-07,57908.0
2014-03-10,71890.0
2014-03-11,72275.0
2014-03-12,66200.0
2014-03-13,70357.0
2014-03-14,54253.0
2014-03-17,48592.0
2014-03-18,78606.0
2014-03-19,76145.0
2014-03-20,80564.0
2014-03-21,96847.0
2014-03-24,79629.0
2014-03-25,94432.0
2014-03-26,101944.0
2014-03-27,112832.0
2014-03-28,128162.0
2014-03-31,242069.0
2014-04-01,113017.0
2014-04-02,106045.0
2014-04-03,96380.0
2014-04-04,95244.0
2014-04-07,94739.0
2014-04-08,94435.0
2014-04-09,89023.0
2014-04-10,93958.0
2014-04-11,80874.0
2014-04-14,75823.0
2014-04-15,64907.0
2014-04-16,71744.0
2014-04-17,
2014-04-18,
2014-04-21,129836.99999999999
2014-04-22,159202.0
2014-04-23,147951.0
2014-04-24,153847.0
2014-04-25,166168.0
2014-04-28,180822.0
2014-04-29,183327.0
2014-04-30,208222.0
2014-05-01,175868.0
2014-05-02,185246.0
2014-05-05,199895.0
2014-05-06,198721.0
2014-05-07,193706.0
2014-05-08,192030.0
2014-05-09,186455.0
2014-05-12,188963.0
2014-05-13,204839.0
2014-05-14,183187.0
2014-05-15,192416.0
2014-05-16,203540.0
2014-05-19,201974.0
2014-05-20,212512.0
2014-05-21,220722.0
2014-05-22,209095.0
2014-05-23,182124.0
2014-05-26,
2014-05-27,185923.0
2014-05-28,171269.0
2014-05-29,155686.0
2014-05-30,164726.0
2014-06-02,129721.0
2014-06-03,130952.0
2014-06-04,127401.0
2014-06-05,103755.0
2014-06-06,101903.0
2014-06-09,105036.0
2014-06-10,106527.0
2014-06-11,110875.0
2014-06-12,104237.0
2014-06-13,67629.0
2014-06-16,53376.0
2014-06-17,53362.0
2014-06-18,88388.0
2014-06-19,95938.0
2014-06-20,109656.0
2014-06-23,120333.0
2014-06-24,107244.0
2014-06-25,119673.0
2014-06-26,137105.0
2014-06-27,140898.0
2014-06-30,339481.0
2014-07-01,150572.0
2014-07-02,148492.0
2014-07-03,136039.0
2014-07-04,
2014-07-07,143020.0
2014-07-08,136387.0
2014-07-09,144921.0
2014-07-10,125926.0
2014-07-11,113623.0
2014-07-14,108675.0
2014-07-15,96922.0
2014-07-16,105841.0
2014-07-17,94361.0
2014-07-18,113503.0
2014-07-21,113836.0
2014-07-22,127244.0
2014-07-23,136740.0
2014-07-24,87923.0
2014-07-25,90379.0
2014-07-28,103848.0
2014-07-29,118021.0
2014-07-30,115757.0
2014-07-31,156374.0
2014-08-01,101035.0
2014-08-04,114198.0
2014-08-05,118152.0
2014-08-06,123782.0
2014-08-07,128981.0
2014-08-08,127846.0
2014-08-11,128407.99999999999
2014-08-12,130713.0
2014-08-13,135622.0
2014-08-14,121978.0
2014-08-15,116783.0
2014-08-18,135842.0
2014-08-19,143128.0
2014-08-20,150444.0
2014-08-21,145418.0
2014-08-22,130543.0
2014-08-25,152159.0
2014-08-26,156973.0
2014-08-27,179845.0
2014-08-28,157845.0
2014-08-29,172590.0
2014-09-01,
2014-09-02,143468.0
2014-09-03,151016.0
2014-09-04,160534.0
2014-09-05,160186.0
2014-09-08,180493.0
2014-09-09,168607.0
2014-09-10,160299.0
2014-09-11,167400.0
2014-09-12,148338.0
2014-09-15,135916.0
2014-09-16,147752.0
2014-09-17,156936.0
2014-09-18,168148.0
2014-09-19,169519.0
2014-09-22,178327.0
2014-09-23,174426.0
2014-09-24,162317.0
2014-09-25,158090.0
2014-09-26,172960.0
2014-09-29,194566.0
2014-09-30,300000.0
2014-10-01,212481.0
2014-10-02,179039.0
2014-10-03,184682.0
2014-10-06,185508.0
2014-10-07,184514.0
2014-10-08,182531.0
2014-10-09,167770.0
2014-10-10,161647.0
2014-10-13,
2014-10-14,151111.0
2014-10-15,121915.0
2014-10-16,115559.0
2014-10-17,122148.0
2014-10-20,137408.0
2014-10-21,124658.0
2014-10-22,135424.0
2014-10-23,137137.0
2014-10-24,103501.0
2014-10-27,116857.0
2014-10-28,118038.0
2014-10-29,134690.0
2014-10-30,142244.0
2014-10-31,186282.0
2014-11-03,122566.0
2014-11-04,124919.0
2014-11-05,122900.0
2014-11-06,110247.0
2014-11-07,106216.0
2014-11-10,100452.0
2014-11-11,
2014-11-12,111681.0
2014-11-13,110881.0
2014-11-14,99376.0
2014-11-17,115555.0
2014-11-18,158321.0
2014-11-19,167377.0
2014-11-20,163034.0
2014-11-21,162469.0
2014-11-24,133559.0
2014-11-25,146679.0
2014-11-26,148284.0
2014-11-27,
2014-11-28,173910.0
2014-12-01,154580.0
2014-12-02,153531.0
2014-12-03,166328.0
2014-12-04,142641.0
2014-12-05,145545.0
2014-12-08,104199.0
2014-12-09,94442.0
2014-12-10,105322.0
2014-12-11,99829.0
2014-12-12,86425.0
2014-12-15,34587.0
2014-12-16,40717.0
2014-12-17,31783.0
2014-12-18,59473.0
2014-12-19,66423.0
2014-12-22,59159.0
2014-12-23,55574.0
2014-12-24,53237.0
2014-12-25,
2014-12-26,41492.0
2014-12-29,29172.0
2014-12-30,39621.0
2014-12-31,171120.0
2015-01-01,
2015-01-02,42186.0
2015-01-05,164177.0
2015-01-06,149885.0
2015-01-07,143749.0
2015-01-08,124293.0
2015-01-09,116195.0
2015-01-12,118125.0
2015-01-13,107316.0
2015-01-14,95400.0
2015-01-15,96517.0
2015-01-16,135836.0
2015-01-19,
2015-01-20,147499.0
2015-01-21,167769.0
2015-01-22,168182.0
2015-01-23,129836.00000000001
2015-01-26,132698.0
2015-01-27,136677.0
2015-01-28,163553.0
2015-01-29,148784.0
2015-01-30,190842.0
2015-02-02,132913.0
2015-02-03,142006.0
2015-02-04,145650.0
2015-02-05,124667.0
2015-02-06,121983.0
2015-02-09,118986.0
2015-02-10,122277.0
2015-02-11,126752.0
2015-02-12,113479.0
2015-02-13,92532.0
2015-02-16,
2015-02-17,111325.0
2015-02-18,157273.0
2015-02-19,133105.0
2015-02-20,157518.0
2015-02-23,152311.0
2015-02-24,124802.0
2015-02-25,149750.0
2015-02-26,130583.0
2015-02-27,155001.0
2015-03-02,118208.0
2015-03-03,110872.0
2015-03-04,95100.0
2015-03-05,73924.0
2015-03-06,80862.0
2015-03-09,85648.0
2015-03-10,84535.0
2015-03-11,84389.0
2015-03-12,132708.0
2015-03-13,98042.0
2015-03-16,112056.0
2015-03-17,106300.0
2015-03-18,151424.0
2015-03-19,83108.0
2015-03-20,91207.0
2015-03-23,99572.0
2015-03-24,60115.0
2015-03-25,65388.99999999999
2015-03-26,80866.0
2015-03-27,69638.0
2015-03-30,29522.0
2015-03-31,202235.0
2015-04-01,31623.0
2015-04-02,
2015-04-03,
2015-04-06,119369.0
2015-04-07,125880.0
2015-04-08,96443.0
2015-04-09,87069.0
2015-04-10,90933.0
2015-04-13,89878.0
2015-04-14,75874.0
2015-04-15,69829.0
2015-04-16,78293.0
2015-04-17,103383.0
2015-04-20,111416.0
2015-04-21,114800.0
2015-04-22,114148.0
2015-04-23,113993.0
2015-04-24,73512.0
2015-04-27,82790.0
2015-04-28,87169.0
2015-04-29,92224.0
2015-04-30,130464.0
2015-05-01,86212.0
2015-05-04,92311.0
2015-05-05,93162.0
2015-05-06,84722.0
2015-05-07,94505.0
2015-05-08,91484.0
2015-05-11,87331.0
2015-05-12,81378.0
2015-05-13,92129.0
2015-05-14,61513.0
2015-05-15,76249.0
2015-05-18,135397.0
2015-05-19,131900.0
2015-05-20,154345.0
2015-05-21,141963.0
2015-05-22,105844.0
2015-05-25,
2015-05-26,111048.0
2015-05-27,128828.0
2015-05-28,135300.0
2015-05-29,160201.0
2015-06-01,115206.0
2015-06-02,105031.0
2015-06-03,95389.0
2015-06-04,96429.0
2015-06-05,83637.0
2015-06-08,83323.0
2015-06-09,76043.0
2015-06-10,80453.0
2015-06-11,90833.0
2015-06-12,81745.0
2015-06-15,104635.0
2015-06-16,113979.0
2015-06-17,110708.0
2015-06-18,151135.0
2015-06-19,158541.0
2015-06-22,171906.0
2015-06-23,181548.0
2015-06-24,136642.0
2015-06-25,64918.00000000001
2015-06-26,86539.0
2015-06-29,45063.0
2015-06-30,192602.0
2015-07-01,93411.0
2015-07-02,176063.0
2015-07-03,
2015-07-06,169851.0
2015-07-07,159651.0
2015-07-08,145470.0
2015-07-09,129670.99999999999
2015-07-10,119629.0
2015-07-13,115323.0
2015-07-14,106218.0
2015-07-15,103217.0
2015-07-16,104580.0
2015-07-17,116519.0
2015-07-20,126570.0
2015-07-21,110141.0
2015-07-22,112695.0
2015-07-23,112052.0
2015-07-24,79416.0
2015-07-27,85122.0
2015-07-28,81882.0
2015-07-29,86429.0
2015-07-30,87405.0
2015-07-31,131978.0
2015-08-03,95005.0
2015-08-04,88841.0
2015-08-05,86869.0
2015-08-06,93508.0
2015-08-07,84994.0
2015-08-10,81806.0
2015-08-11,78367.0
2015-08-12,64411.0
2015-08-13,77057.0
2015-08-14,64557.0
2015-08-17,66540.0
2015-08-18,88144.0
2015-08-19,84360.0
2015-08-20,93262.0
2015-08-21,92353.0
2015-08-24,73813.0
2015-08-25,73165.0
2015-08-26,68719.0
2015-08-27,71312.0
2015-08-28,73547.0
2015-08-31,149694.0
2015-09-01,84778.0
2015-09-02,70330.0
2015-09-03,67183.0
2015-09-04,64428.0
2015-09-07,
2015-09-08,66694.0
2015-09-09,68129.0
2015-09-10,66083.0
2015-09-11,70782.0
2015-09-14,72809.0
2015-09-15,73117.0
2015-09-16,82181.0
2015-09-17,106254.0
2015-09-18,131757.0
2015-09-21,134575.0
2015-09-22,139476.0
2015-09-23,144297.0
2015-09-24,45671.0
2015-09-25,63966.0
2015-09-28,101855.0
2015-09-29,122860.0
2015-09-30,199614.0
2015-10-01,75143.0
2015-10-02,173162.0
2015-10-05,156558.0
2015-10-06,130247.00000000001
2015-10-07,115434.0
2015-10-08,121144.0
2015-10-09,109367.0
2015-10-12,
2015-10-13,105728.0
2015-10-14,90184.0
2015-10-15,100247.0
2015-10-16,123637.0
2015-10-19,136360.0
2015-10-20,146257.0
2015-10-21,151082.0
2015-10-22,152870.0
2015-10-23,125635.0
2015-10-26,134597.0
2015-10-27,150968.0
2015-10-28,155316.0
2015-10-29,172839.0
2015-10-30,225326.0
2015-11-02,132234.0
2015-11-03,117622.0
2015-11-04,107406.0
2015-11-05,87664.0
2015-11-06,70435.0
2015-11-09,80894.0
2015-11-10,83130.0
2015-11-11,
2015-11-12,73228.0
2015-11-13,60117.0
2015-11-16,67873.0
2015-11-17,86157.0
2015-11-18,121961.0
2015-11-19,120822.0
2015-11-20,122990.0
2015-11-23,147598.0
2015-11-24,95918.0
2015-11-25,100152.0
2015-11-26,
2015-11-27,81785.0
2015-11-30,139594.0
2015-12-01,88983.0
2015-12-02,84184.0
2015-12-03,74766.0
2015-12-04,69292.0
2015-12-07,77805.0
2015-12-08,75817.0
2015-12-09,87963.0
2015-12-10,86714.0
2015-12-11,89317.0
2015-12-14,86380.0
2015-12-15,95404.0
2015-12-16,102004.0
2015-12-17,105185.0
2015-12-18,143223.0
2015-12-21,160606.0
2015-12-22,185350.0
2015-12-23,178331.0
2015-12-24,161879.0
2015-12-25,
2015-12-28,177196.0
2015-12-29,222513.0
2015-12-30,277446.0
2015-12-31,474591.0
2016-01-01,
2016-01-04,199670.0
2016-01-05,169615.0
2016-01-06,126584.0
2016-01-07,116843.0
2016-01-08,99971.0
2016-01-11,97390.0
2016-01-12,86191.0
2016-01-13,84416.0
2016-01-14,78422.0
2016-01-15,90534.0
2016-01-18,
2016-01-19,90221.0
2016-01-20,106627.0
2016-01-21,90440.0
2016-01-22,60316.0
2016-01-25,80170.0
2016-01-26,83819.0
2016-01-27,89304.0
2016-01-28,63251.0
2016-01-29,114573.0
2016-02-01,76790.0
2016-02-02,80127.0
2016-02-03,62461.0
2016-02-04,55893.0
2016-02-05,50888.0
2016-02-08,39132.0
2016-02-09,44123.0
2016-02-10,47974.0
2016-02-11,44482.0
2016-02-12,35233.0
2016-02-15,
2016-02-16,34728.0
2016-02-17,52098.0
2016-02-18,71581.0
2016-02-19,59088.0
2016-02-22,54405.0
2016-02-23,64808.00000000001
2016-02-24,41065.0
2016-02-25,43818.0
2016-02-26,56919.0
2016-02-29,94123.0
2016-03-01,38763.0
2016-03-02,44546.0
2016-03-03,50384.0
2016-03-04,51368.0
2016-03-07,53724.0
2016-03-08,49332.0
2016-03-09,47346.0
2016-03-10,35428.0
2016-03-11,39730.0
2016-03-14,40518.0
2016-03-15,38299.0
2016-03-16,48389.0
2016-03-17,34869.0
2016-03-18,67622.0
2016-03-21,55751.0
2016-03-22,68284.0
2016-03-23,70075.0
2016-03-24,
2016-03-25,
2016-03-28,65480.99999999999
2016-03-29,104770.0
2016-03-30,127119.0
2016-03-31,303849.0
2016-04-01,89118.0
2016-04-04,65692.0
2016-04-05,44369.0
2016-04-06,27455.0
2016-04-07,34065.0
2016-04-08,21618.0
2016-04-11,22151.0
2016-04-12,18711.0
2016-04-13,16610.0
2016-04-14,18241.0
2016-04-15,23479.0
2016-04-18,38607.0
2016-04-19,40049.0
2016-04-20,31971.0
2016-04-21,36555.0
2016-04-22,19084.0
2016-04-25,24148.0
2016-04-26,29563.0
2016-04-27,31432.0
2016-04-28,25526.0
2016-04-29,65558.0
2016-05-02,38947.0
2016-05-03,38536.0
2016-05-04,35592.0
2016-05-05,30222.0
2016-05-06,28294.0
2016-05-09,23238.0
2016-05-10,31035.0
2016-05-11,31533.0
2016-05-12,34843.0
2016-05-13,17088.0
2016-05-16,20123.0
2016-05-17,21115.0
2016-05-18,63920.0
2016-05-19,63293.0
2016-05-20,60342.0
2016-05-23,78109.0
2016-05-24,57676.0
2016-05-25,65797.0
2016-05-26,58671.0
2016-05-27,40472.0
2016-05-30,
2016-05-31,102627.0
2016-06-01,61186.0
2016-06-02,62973.0
2016-06-03,58183.0
2016-06-06,53352.0
2016-06-07,49906.0
2016-06-08,41445.0
2016-06-09,41435.0
2016-06-10,40500.0
2016-06-13,46016.0
2016-06-14,34936.0
2016-06-15,28313.0
2016-06-16,35100.0
2016-06-17,58606.0
2016-06-20,67757.0
2016-06-21,86546.0
2016-06-22,90386.0
2016-06-23,91509.0
2016-06-24,87498.0
2016-06-27,116639.0
2016-06-28,129102.0
2016-06-29,143206.0
2016-06-30,278809.0
2016-07-01,113428.0
2016-07-04,
2016-07-05,111242.0
2016-07-06,83401.0
2016-07-07,76407.0
2016-07-08,67516.0
2016-07-11,61876.0
2016-07-12,62640.0
2016-07-13,48357.0
2016-07-14,30358.0
2016-07-15,41162.0
2016-07-18,80813.0
2016-07-19,82273.0
2016-07-20,79368.0
2016-07-21,70517.0
2016-07-22,44897.0
2016-07-25,49132.0
2016-07-26,69799.0
2016-07-27,67687.0
2016-07-28,45194.0
2016-07-29,110518.0
2016-08-01,72911.0
2016-08-02,80535.0
2016-08-03,68075.0
2016-08-04,50263.0
2016-08-05,56235.0
2016-08-08,60625.0
2016-08-09,66881.0
2016-08-10,80174.0
2016-08-11,80145.0
2016-08-12,37278.0
2016-08-15,56950.0
2016-08-16,76397.0
2016-08-17,81337.0
2016-08-18,95089.0
2016-08-19,101468.0
2016-08-22,116124.0
2016-08-23,121654.0
2016-08-24,95350.0
2016-08-25,72817.0
2016-08-26,76532.0
2016-08-29,79731.0
2016-08-30,101422.0
2016-08-31,171368.0
2016-09-01,90607.0
2016-09-02,96194.0
2016-09-05,
2016-09-06,92733.0
2016-09-07,79080.0
2016-09-08,60729.0
2016-09-09,78784.0
2016-09-12,86056.0
2016-09-13,83109.0
2016-09-14,64485.0
2016-09-15,55994.0
2016-09-16,100761.0
2016-09-19,125636.0
2016-09-20,156685.0
2016-09-21,176835.0
2016-09-22,194053.0
2016-09-23,174726.0
2016-09-26,200068.0
2016-09-27,239700.0
2016-09-28,272277.0
2016-09-29,271847.0
2016-09-30,412523.0
2016-10-03,320889.0
2016-10-04,306041.0
2016-10-05,297964.0
2016-10-06,237619.0
2016-10-07,226065.0
2016-10-10,
2016-10-11,201546.0
2016-10-12,188671.0
2016-10-13,180971.0
2016-10-14,133359.0
2016-10-17,124407.0
2016-10-18,174966.0
2016-10-19,191810.0
2016-10-20,172312.0
2016-10-21,181285.0
2016-10-24,142574.0
2016-10-25,132403.0
2016-10-26,142065.0
2016-10-27,135113.0
2016-10-28,129983.0
2016-10-31,214798.0
2016-11-01,171890.0
2016-11-02,176232.0
2016-11-03,148543.0
2016-11-04,136483.0
2016-11-07,128670.99999999999
2016-11-08,127330.0
2016-11-09,130993.0
2016-11-10,99936.0
2016-11-11,
2016-11-14,81448.0
2016-11-15,102247.0
2016-11-16,116044.0
2016-11-17,92397.0
2016-11-18,116091.0
2016-11-21,135387.0
2016-11-22,128222.00000000001
2016-11-23,119371.0
2016-11-24,
2016-11-25,121165.0
2016-11-28,146903.0
2016-11-29,138401.0
2016-11-30,208524.0
2016-12-01,159215.0
2016-12-02,167881.0
2016-12-05,168369.0
2016-12-06,185550.0
2016-12-07,185812.0
2016-12-08,186313.0
2016-12-09,185799.0
2016-12-12,189330.0
2016-12-13,238460.0
2016-12-14,169563.0
2016-12-15,199654.0
2016-12-16,213706.0
2016-12-19,237525.0
2016-12-20,277354.0
2016-12-21,307477.0
2016-12-22,312338.0
2016-12-23,280643.0
2016-12-26,
2016-12-27,294061.0
2016-12-28,323912.0
2016-12-29,346472.0
2016-12-30,468355.0
2017-01-02,
2017-01-03,287236.0
2017-01-04,266468.0
2017-01-05,233430.0
2017-01-06,209205.0
2017-01-09,191970.0
2017-01-10,180715.0
2017-01-11,158820.0
2017-01-12,141218.0
2017-01-13,88201.0
2017-01-16,
2017-01-17,96798.0
2017-01-18,130118.0
2017-01-19,138637.0
2017-01-20,148785.0
2017-01-23,156316.0
2017-01-24,110193.0
2017-01-25,108360.0
2017-01-26,94670.0
2017-01-27,108772.0
2017-01-30,101514.0
2017-01-31,180162.0
2017-02-01,133730.0
2017-02-02,111120.0
2017-02-03,117361.0
2017-02-06,125660.0
2017-02-07,131659.0
2017-02-08,122934.0
2017-02-09,83894.0
2017-02-10,74169.0
2017-02-13,98103.0
2017-02-14,87998.0
2017-02-15,105123.0
2017-02-16,104978.0
2017-02-17,147243.0
2017-02-20,
2017-02-21,163259.0
2017-02-22,177833.0
2017-02-23,187176.0
2017-02-24,160882.0
2017-02-27,153382.0
2017-02-28,204651.0
2017-03-01,156010.0
2017-03-02,168142.0
2017-03-03,193272.0
2017-03-06,205210.0
2017-03-07,208765.0
2017-03-08,212124.0
2017-03-09,217831.0
2017-03-10,233046.0
2017-03-13,232962.0
2017-03-14,200798.0
2017-03-15,226510.0
2017-03-16,209114.0
2017-03-17,240669.0
2017-03-20,235827.0
2017-03-21,237331.0
2017-03-22,251013.0
2017-03-23,231463.0
2017-03-24,200237.0
2017-03-27,215473.0
2017-03-28,224475.0
2017-03-29,260357.00000000003
2017-03-30,224134.0
2017-03-31,346853.0
2017-04-03,233582.0
2017-04-04,207711.0
2017-04-05,174644.0
2017-04-06,117337.0
2017-04-07,117774.0
2017-04-10,120504.0
2017-04-11,114753.0
2017-04-12,105528.0
2017-04-13,
2017-04-14,
2017-04-17,64370.00000000001
2017-04-18,109402.0
2017-04-19,116567.0
2017-04-20,128726.0
2017-04-21,136521.0
2017-04-24,118667.0
2017-04-25,116956.0
2017-04-26,122323.0
2017-04-27,127826.0
2017-04-28,181976.0
2017-05-01,162198.0
2017-05-02,183851.0
2017-05-03,186667.0
2017-05-04,152793.0
2017-05-05,156789.0
2017-05-08,162580.0
2017-05-09,167302.0
2017-05-10,187269.0
2017-05-11,161232.0
2017-05-12,167696.0
2017-05-15,144990.0
2017-05-16,157693.0
2017-05-17,167158.0
2017-05-18,185287.0
2017-05-19,182273.0
2017-05-22,185031.0
2017-05-23,198865.0
2017-05-24,184946.0
2017-05-25,153451.0
2017-05-26,168041.0
2017-05-29,
2017-05-30,182065.0
2017-05-31,256176.0
2017-06-01,163755.0
2017-06-02,170496.0
2017-06-05,164208.0
2017-06-06,160949.0
2017-06-07,165138.0
2017-06-08,151582.0
2017-06-09,155344.0
2017-06-12,152198.0
2017-06-13,172973.0
2017-06-14,163056.0
2017-06-15,131378.0
2017-06-16,158566.0
2017-06-19,166745.0
2017-06-20,192347.0
2017-06-21,198769.0
2017-06-22,195144.0
2017-06-23,201475.0
2017-06-26,185227.0
2017-06-27,212664.0
2017-06-28,263699.0
2017-06-29,269565.0
2017-06-30,398875.0
2017-07-03,255693.0
2017-07-04,
2017-07-05,240029.0
2017-07-06,189992.0
2017-07-07,189214.0
2017-07-10,189721.0
2017-07-11,173774.0
2017-07-12,179172.0
2017-07-13,162379.0
2017-07-14,136231.0
2017-07-17,122436.0
2017-07-18,157322.0
2017-07-19,144731.0
2017-07-20,126676.0
2017-07-21,122712.0
2017-07-24,95123.0
2017-07-25,74540.0
2017-07-26,103311.0
2017-07-27,95636.0
2017-07-28,108479.0
2017-07-31,204622.0
2017-08-01,98069.0
2017-08-02,119334.0
2017-08-03,87844.0
2017-08-04,93778.0
2017-08-07,104061.0
2017-08-08,103612.0
2017-08-09,103950.0
2017-08-10,90273.0
2017-08-11,95534.0
2017-08-14,74682.0
2017-08-15,71382.0
2017-08-16,92840.0
2017-08-17,78582.0
2017-08-18,129104.99999999999
2017-08-21,144100.0
2017-08-22,166094.0
2017-08-23,169793.0
2017-08-24,130878.99999999999
2017-08-25,122167.0
2017-08-28,121947.0
2017-08-29,127243.0
2017-08-30,146086.0
2017-08-31,213486.0
2017-09-01,124952.0
2017-09-04,
2017-09-05,136131.0
2017-09-06,145128.0
2017-09-07,126607.0
2017-09-08,113842.0
2017-09-11,115972.0
2017-09-12,127019.0
2017-09-13,125668.0
2017-09-14,97564.0
2017-09-15,109645.0
2017-09-18,138909.0
2017-09-19,156728.0
2017-09-20,168025.0
2017-09-21,152866.0
2017-09-22,157330.0
2017-09-25,158503.0
2017-09-26,173715.0
2017-09-27,220083.0
2017-09-28,208936.0
2017-09-29,316090.0
2017-10-02,190377.0
2017-10-03,181605.0
2017-10-04,178738.0
2017-10-05,132827.0
2017-10-06,119529.0
2017-10-09,
2017-10-10,121913.0
2017-10-11,129805.0
2017-10-12,102807.0
2017-10-13,99961.0
2017-10-16,78531.0
2017-10-17,91188.0
2017-10-18,121457.0
2017-10-19,102612.0
2017-10-20,102488.0
2017-10-23,110260.0
2017-10-24,97202.0
2017-10-25,112057.0
2017-10-26,98412.0
2017-10-27,105903.0
2017-10-30,102147.0
2017-10-31,173605.0
2017-11-01,87165.0
2017-11-02,58758.0
2017-11-03,60915.0
2017-11-06,70365.0
2017-11-07,58971.0
2017-11-08,74546.0
2017-11-09,46378.0
2017-11-10,39671.0
2017-11-13,35243.0
2017-11-14,32219.0
2017-11-15,35038.0
2017-11-16,20709.0
2017-11-17,38838.0
2017-11-20,34576.0
2017-11-21,42899.0
2017-11-22,51634.0
2017-11-23,
2017-11-24,40488.0
2017-11-27,39381.0
2017-11-28,50834.0
2017-11-29,67019.0
2017-11-30,102719.0
2017-12-01,59030.0
2017-12-04,72389.0
2017-12-05,68297.0
2017-12-06,76368.0
2017-12-07,63552.0
2017-12-08,82714.0
2017-12-11,107473.0
2017-12-12,119090.0
2017-12-13,143392.0
2017-12-14,107679.0
2017-12-15,80206.0
2017-12-18,117276.0
2017-12-19,112628.0
2017-12-20,127582.0
2017-12-21,116978.0
2017-12-22,113852.0
2017-12-25,
2017-12-26,119456.0
2017-12-27,147749.0
2017-12-28,158478.0
2017-12-29,319595.0
2018-01-01,
2018-01-02,136967.0
2018-01-03,131622.0
2018-01-04,76624.0
2018-01-05,63804.0
2018-01-08,63531.0
2018-01-09,56468.0
2018-01-10,57954.0
2018-01-11,33597.0
2018-01-12,21590.0
2018-01-15,
2018-01-16,22003.0
2018-01-17,20548.0
2018-01-18,22804.0
2018-01-19,22196.0
2018-01-22,28706.0
2018-01-23,31791.0
2018-01-24,36371.0
2018-01-25,19891.0
2018-01-26,21427.0
2018-01-29,23980.0
2018-01-30,31766.0
2018-01-31,65797.0
2018-02-01,31825.0
2018-02-02,43931.0
2018-02-05,59008.0
2018-02-06,49214.0
2018-02-07,48120.0
2018-02-08,33272.0
2018-02-09,36567.0
2018-02-12,30631.0
2018-02-13,43137.0
2018-02-14,38518.0
2018-02-15,29080.0
2018-02-16,29615.0
2018-02-19,
2018-02-20,32494.999999999996
2018-02-21,45171.0
2018-02-22,36320.0
2018-02-23,15875.0
2018-02-26,9360.0
2018-02-27,19729.0
2018-02-28,44510.0
2018-03-01,14334.0
2018-03-02,15642.0
2018-03-05,15230.0
2018-03-06,11205.0
2018-03-07,14295.0
2018-03-08,6963.0
2018-03-09,3247.0
2018-03-12,1770.0
2018-03-13,2145.0
2018-03-14,4970.0
2018-03-15,3746.0
2018-03-16,10280.0
2018-03-19,7820.0
2018-03-20,11950.0
2018-03-21,20586.0
2018-03-22,11592.0
2018-03-23,10450.0
2018-03-26,5921.0
2018-03-27,9620.0
2018-03-28,17898.0
2018-03-29,
2018-03-30,
2018-04-02,3823.0
2018-04-03,8695.0
2018-04-04,4570.0
2018-04-05,4645.0
2018-04-06,4895.0
2018-04-09,4070.0000000000005
2018-04-10,3990.0
2018-04-11,2361.0
2018-04-12,4120.0
2018-04-13,3471.0
2018-04-16,3372.0
2018-04-17,3971.0
2018-04-18,14021.0
2018-04-19,13920.0
2018-04-20,12020.0
2018-04-23,10821.0
2018-04-24,9532.0
2018-04-25,3570.0
2018-04-26,3795.0
2018-04-27,2920.0
2018-04-30,13830.0
2018-05-01,3820.0
2018-05-02,6520.0
2018-05-03,5775.0
2018-05-04,5415.0
2018-05-07,3220.0
2018-05-08,3921.0
2018-05-09,2720.0
2018-05-10,4645.0
2018-05-11,3222.0
2018-05-14,3859.0
2018-05-15,2095.0
2018-05-16,2545.0
2018-05-17,1896.0
2018-05-18,9120.0
2018-05-21,5404.0
2018-05-22,3951.0
2018-05-23,2929.0
2018-05-24,6620.0
2018-05-25,20.0
2018-05-28,
2018-05-29,880.0
2018-05-30,3920.0
2018-05-31,21475.0
2018-06-01,12546.0
2018-06-04,11166.0
2018-06-05,6635.0
2018-06-06,16772.0
2018-06-07,5771.0
2018-06-08,2771.0
2018-06-11,4836.0
2018-06-12,1308.0
2018-06-13,3025.0
2018-06-14,2935.0
2018-06-15,270.0
2018-06-18,370.0
2018-06-19,195.0
2018-06-20,320.0
2018-06-21,1370.0
2018-06-22,1430.0
2018-06-25,12730.0
2018-06-26,10385.0
2018-06-27,20680.0
2018-06-28,20419.0
2018-06-29,96970.0
2018-07-02,32139.000000000004
2018-07-03,4852.0
2018-07-04,
2018-07-05,8205.0
2018-07-06,4195.0
2018-07-09,3596.0
2018-07-10,1955.0
2018-07-11,1230.0
2018-07-12,2455.0
2018-07-13,871.0
2018-07-16,870.0
2018-07-17,1220.0
2018-07-18,6021.0
2018-07-19,3620.0
2018-07-20,1170.0
2018-07-23,2270.0
2018-07-24,4895.0
2018-07-25,720.0
2018-07-26,1571.0
2018-07-27,1470.0
2018-07-30,1995.0
2018-07-31,9045.0
2018-08-01,795.0
2018-08-02,1817.0
2018-08-03,1673.0
2018-08-06,2095.0
2018-08-07,2337.0
2018-08-08,1659.0
2018-08-09,1745.0
2018-08-10,2470.0
2018-08-13,1383.0
2018-08-14,685.0
2018-08-15,315.0
2018-08-16,532.0
2018-08-17,4016.0
2018-08-20,1646.0
2018-08-21,1466.0
2018-08-22,1126.0
2018-08-23,2416.0
2018-08-24,4665.0
2018-08-27,996.0
2018-08-28,1415.0
2018-08-29,840.0
2018-08-30,985.0
2018-08-31,390.0
2018-09-03,
2018-09-04,595.0
2018-09-05,10.0
2018-09-06,815.0
2018-09-07,15.0
2018-09-10,15.0
2018-09-11,1241.0
2018-09-12,1315.0
2018-09-13,1791.0
2018-09-14,1315.0
2018-09-17,715.0
2018-09-18,10115.0
2018-09-19,8915.0
2018-09-20,17868.0
2018-09-21,17465.0
2018-09-24,9340.0
2018-09-25,3440.0
2018-09-26,5625.0
2018-09-27,30056.0
2018-09-28,48430.0
2018-10-01,4185.0
2018-10-02,3295.0
2018-10-03,2954.0
2018-10-04,3265.0
2018-10-05,1565.0
2018-10-08,
2018-10-09,2390.0
2018-10-10,2390.0
2018-10-11,2016.0
2018-10-12,960.0
2018-10-15,366.0
2018-10-16,466.0
2018-10-17,174.0
2018-10-18,10290.0
2018-10-19,3916.0
2018-10-22,3189.0
2018-10-23,4466.0
2018-10-24,6444.0
2018-10-25,1944.0
2018-10-26,2004.0
2018-10-29,1748.0
2018-10-30,715.0
2018-10-31,4815.0
2018-11-01,4640.0
2018-11-02,1510.0
2018-11-05,1465.0
2018-11-06,2540.0
2018-11-07,1875.0
2018-11-08,1166.0
2018-11-09,401.0
2018-11-12,
2018-11-13,1065.0
2018-11-14,660.0
2018-11-15,494.0
2018-11-16,18565.0
2018-11-19,16295.000000000002
2018-11-20,15235.0
2018-11-21,16204.999999999998
2018-11-22,
2018-11-23,13105.0
2018-11-26,615.0
2018-11-27,440.0
2018-11-28,1464.0
2018-11-29,1814.0
2018-11-30,2490.0
2018-12-03,2210.0
2018-12-04,
2018-12-05,
2018-12-06,3360.0
2018-12-07,5635.0
2018-12-10,1424.0
2018-12-11,352.0
2018-12-12,461.0
2018-12-13,415.0
2018-12-14,315.0
2018-12-17,415.0
2018-12-18,6216.0
2018-12-19,5982.0
2018-12-20,9521.0
2018-12-21,8805.0
2018-12-24,7960.0
2018-12-25,
2018-12-26,1004.9999999999999
2018-12-27,3100.0
2018-12-28,3210.0
2018-12-31,41848.0
2019-01-01,
2019-01-02,19481.0
2019-01-03,7198.0
2019-01-04,2860.0
2019-01-07,2786.0
2019-01-08,2811.0
2019-01-09,2537.0
2019-01-10,2216.0
2019-01-11,2016.0
2019-01-14,1205.0
2019-01-15,2016.0
2019-01-16,1316.0
2019-01-17,2065.0
2019-01-18,13165.0
2019-01-21,
2019-01-22,10465.0
2019-01-23,11415.0
2019-01-24,15060.0
2019-01-25,1515.0
2019-01-28,1265.0
2019-01-29,1840.0
2019-01-30,990.0
2019-01-31,1051.0
2019-02-01,665.0
2019-02-04,4515.0
2019-02-05,1686.0
2019-02-06,1926.0
2019-02-07,2320.0
2019-02-08,2016.0
2019-02-11,2005.9999999999998
2019-02-12,1658.0
2019-02-13,1697.0
2019-02-14,1341.0
2019-02-15,5271.0
2019-02-18,
2019-02-19,1967.0
2019-02-20,2275.0
2019-02-21,1725.0
2019-02-22,6665.0
2019-02-25,1375.0
2019-02-26,1815.0
2019-02-27,1915.0
2019-02-28,3415.0
2019-03-01,2015.0000000000002
2019-03-04,2917.0
2019-03-05,3119.0
2019-03-06,2115.0
2019-03-07,717.0
2019-03-08,15.0
2019-03-11,19.0
2019-03-12,27.0
2019-03-13,16.0
2019-03-14,19.0
2019-03-15,15.0
2019-03-18,3169.0
2019-03-19,2515.0
2019-03-20,617.0
2019-03-21,411.0
2019-03-22,5016.0
2019-03-25,129.0
2019-03-26,566.0
2019-03-27,166.0
2019-03-28,515.0
2019-03-29,731.0
2019-04-01,11.0
2019-04-02,19.0
2019-04-03,16.0
2019-04-04,615.0
2019-04-05,15.0
2019-04-08,284.0
2019-04-09,410.0
2019-04-10,2731.0
2019-04-11,122.0
2019-04-12,16.0
2019-04-15,18.0
2019-04-16,700.0
2019-04-17,15.0
2019-04-18,
2019-04-19,
2019-04-22,1117.0
2019-04-23,5690.0
2019-04-24,9515.0
2019-04-25,610.0
2019-04-26,915.0
2019-04-29,615.0
2019-04-30,15.0
2019-05-01,27.0
2019-05-02,23.0
2019-05-03,10.0
2019-05-06,67.0
2019-05-07,961.0
2019-05-08,21.0
2019-05-09,516.0
2019-05-10,271.0
2019-05-13,111.0
2019-05-14,1370.0
2019-05-15,460.0
2019-05-16,1750.0
2019-05-17,9700.0
2019-05-20,8105.0
2019-05-21,3705.0
2019-05-22,3751.0
2019-05-23,4930.0
2019-05-24,5956.0
2019-05-27,
2019-05-28,1520.0
2019-05-29,2226.0
2019-05-30,1026.0
2019-05-31,855.0
2019-06-03,1255.0
2019-06-04,1891.0
2019-06-05,2255.0
2019-06-06,2210.0
2019-06-07,1910.0
2019-06-10,2105.0
2019-06-11,1006.9999999999999
2019-06-12,1705.0
2019-06-13,1655.0
2019-06-14,1657.0
2019-06-17,2269.0
2019-06-18,18006.0
2019-06-19,22357.0
2019-06-20,27430.0
2019-06-21,21355.0
2019-06-24,11156.0
2019-06-25,6400.0
2019-06-26,7784.0
2019-06-27,16794.0
2019-06-28,44307.0
2019-07-01,15837.0
2019-07-02,8160.0
2019-07-03,6849.0
2019-07-04,
2019-07-05,6155.0
2019-07-08,6500.0
2019-07-09,6576.0
2019-07-10,6252.0
2019-07-11,4950.0
2019-07-12,5150.0
2019-07-15,5557.0
2019-07-16,3007.0
2019-07-17,1960.0
2019-07-18,16662.0
2019-07-19,14255.0
2019-07-22,14160.0
2019-07-23,14755.0
2019-07-24,8255.0
2019-07-25,3355.0
2019-07-26,3250.0
2019-07-29,3928.0
2019-07-30,2306.0
2019-07-31,7367.0
2019-08-01,6044.0
2019-08-02,3335.0
2019-08-05,3474.0
2019-08-06,3410.0
2019-08-07,3622.0
2019-08-08,3056.0
2019-08-09,2720.0
2019-08-12,5430.0
2019-08-13,5001.0
2019-08-14,2744.0
2019-08-15,3510.0
2019-08-16,11843.0
2019-08-19,13403.0
2019-08-20,15980.0
2019-08-21,15153.0
2019-08-22,14611.0
2019-08-23,9046.0
2019-08-26,3676.0
2019-08-27,1555.0
2019-08-28,4255.0
2019-08-29,102.0
2019-08-30,12089.0
2019-09-02,
2019-09-03,1754.0
2019-09-04,1425.0
2019-09-05,1075.0
2019-09-06,880.0
2019-09-09,2787.0
2019-09-10,3608.0
2019-09-11,3612.0
2019-09-12,3469.0
2019-09-13,2675.0
2019-09-16,2202.0
2019-09-17,1825.0
2019-09-18,18910.0
2019-09-19,5004.0
2019-09-20,7552.0
2019-09-23,7485.0
2019-09-24,101.0
2019-09-25,133.0
2019-09-26,5180.0
2019-09-27,5330.0
2019-09-30,7057.0
2019-10-01,2706.0
2019-10-02,3054.0
2019-10-03,3297.0
2019-10-04,5325.0
2019-10-07,5650.0
2019-10-08,3976.0
2019-10-09,1469.0
2019-10-10,1100.0
2019-10-11,2950.0
2019-10-14,
2019-10-15,1726.0
2019-10-16,1803.0
2019-10-17,1000.9999999999999
2019-10-18,20100.0
2019-10-21,18758.0
2019-10-22,20700.0
2019-10-23,18290.0
2019-10-24,425.0
2019-10-25,5.0
2019-10-28,36.0
2019-10-29,81.0
2019-10-30,196.0
2019-10-31,2851.0
2019-11-01,2100.0
2019-11-04,3085.0
2019-11-05,1836.0
2019-11-06,1650.0
2019-11-07,1055.0
2019-11-08,805.0
2019-11-11,
2019-11-12,1301.0
2019-11-13,1762.0
2019-11-14,1867.0
2019-11-15,2.0
2019-11-18,27055.0
2019-11-19,26726.0
2019-11-20,26026.0
2019-11-21,25719.0
2019-11-22,375.0
2019-11-25,0.0
2019-11-26,2205.0
2019-11-27,506.0
2019-11-28,
2019-11-29,750.0
2019-12-02,15.0
2019-12-03,151.0
2019-12-04,0.0
2019-12-05,1.0
2019-12-06,1000.0
2019-12-09,115.0
2019-12-10,1.0
2019-12-11,605.0
2019-12-12,600.0
2019-12-13,0.0
2019-12-16,1328.0
2019-12-17,826.0
2019-12-18,13362.0
2019-12-19,8936.0
2019-12-20,13051.0
2019-12-23,7652.0
2019-12-24,4423.0
2019-12-25,
2019-12-26,3192.0
2019-12-27,825.0
2019-12-30,6525.0
2019-12-31,64087.0
2020-01-01,
2020-01-02,3100.0
2020-01-03,4251.0
2020-01-06,3825.0
2020-01-07,1602.0
2020-01-08,876.0
2020-01-09,401.0
2020-01-10,627.0
2020-01-13,1000.0
2020-01-14,656.0
2020-01-15,675.0
2020-01-16,300.0
2020-01-17,16149.999999999998
2020-01-20,
2020-01-21,13381.0
2020-01-22,15604.0
2020-01-23,12904.0
2020-01-24,0.0
2020-01-27,2.0
2020-01-28,2.0
2020-01-29,300.0
2020-01-30,4140.0
2020-01-31,4500.0
2020-02-03,6160.0
2020-02-04,2112.0
2020-02-05,4112.0
2020-02-06,403.0
2020-02-07,1100.0
2020-02-10,830.0
2020-02-11,228.0
2020-02-12,309.0
2020-02-13,450.0
2020-02-14,0.0
2020-02-17,
2020-02-18,9454.0
2020-02-19,95.0
2020-02-20,3600.0
2020-02-21,4532.0
2020-02-24,592.0
2020-02-25,111.0
2020-02-26,2300.0
2020-02-27,275.0
2020-02-28,2187.0
2020-03-02,2525.0
2020-03-03,627.0
2020-03-04,5025.0
2020-03-05,850.0
2020-03-06,2930.0
2020-03-09,2504.0
2020-03-10,151.0
2020-03-11,1325.0
2020-03-12,21050.0
2020-03-13,15100.0
2020-03-16,1425.0
2020-03-17,5700.0
2020-03-18,477.0
2020-03-19,1195.0
2020-03-20,12203.0
2020-03-23,26944.0
2020-03-24,41516.0
2020-03-25,97411.0
2020-03-26,138480.0
2020-03-27,210794.0
2020-03-30,237497.0
2020-03-31,284908.0
2020-04-01,207828.0
2020-04-02,182627.0
2020-04-03,148117.0
2020-04-06,144294.0
2020-04-07,88360.0
2020-04-08,53483.0
2020-04-09,
2020-04-10,
2020-04-13,6100.0
2020-04-14,9900.0
2020-04-15,3150.0
2020-04-16,1525.0
2020-04-17,1726.0
2020-04-20,31000.0
2020-04-21,12528.0
2020-04-22,10825.0
2020-04-23,1450.0
2020-04-24,1500.0
2020-04-27,16476.0
2020-04-28,7131.0
2020-04-29,1450.0
2020-04-30,1775.0
2020-05-01,251.0
2020-05-04,4850.0
2020-05-05,1925.0
2020-05-06,1175.0
2020-05-07,982.0
2020-05-08,680.0
2020-05-11,123.0
2020-05-12,825.0
2020-05-13,13825.0
2020-05-14,133.0
2020-05-15,1150.0
2020-05-18,578.0
2020-05-19,90.0
2020-05-20,9726.0
2020-05-21,3.0
2020-05-22,1.0
2020-05-25,
2020-05-26,1.0
2020-05-27,4326.0
2020-05-28,0.0
2020-05-29,1325.0
2020-06-01,0.0
2020-06-02,2013.0
2020-06-03,13.0
2020-06-04,0.0
2020-06-05,0.0
2020-06-08,0.0
2020-06-09,1252.0
2020-06-10,12.0
2020-06-11,375.0
2020-06-12,0.0
2020-06-15,3.0
2020-06-16,4000.0
2020-06-17,1.0
2020-06-18,1.0
2020-06-19,1.0
2020-06-22,10.0
2020-06-23,11.0
2020-06-24,1.0
2020-06-25,1.0
2020-06-26,200.0
2020-06-29,250.0
2020-06-30,950.0
2020-07-01,2.0
2020-07-02,
2020-07-03,
2020-07-06,0.0
2020-07-07,3.0
2020-07-08,1.0
2020-07-09,0.0
2020-07-10,0.0
2020-07-13,1.0
2020-07-14,1.0
2020-07-15,1.0
2020-07-16,1.0
2020-07-17,0.0
2020-07-20,3.0
2020-07-21,0.0
2020-07-22,0.0
2020-07-23,0.0
2020-07-24,0.0
2020-07-27,0.0
2020-07-28,0.0
2020-07-29,1.0
2020-07-30,307.0
2020-07-31,150.0
2020-08-03,0.0
2020-08-04,5.0
2020-08-05,0.0
2020-08-06,0.0
2020-08-07,0.0
2020-08-10,8.0
2020-08-11,0.0
2020-08-12,103.0
2020-08-13,126.0
2020-08-14,1.0
2020-08-17,54.0
2020-08-18,2.0
2020-08-19,112.0
2020-08-20,150.0
2020-08-21,0.0
2020-08-24,0.0
2020-08-25,12.0
2020-08-26,9.0
2020-08-27,2.0
2020-08-28,0.0
2020-08-31,11.0
2020-09-01,8.0
2020-09-02,14.0
2020-09-03,0.0
2020-09-04,0.0
2020-09-07,
2020-09-08,0.0
2020-09-09,1.0
2020-09-10,10.0
2020-09-11,0.0
2020-09-14,1.0
2020-09-15,2.0
2020-09-16,55.0
2020-09-17,1.0
2020-09-18,0.0
2020-09-21,54.0
2020-09-22,0.0
2020-09-23,1.0
2020-09-24,4.0
2020-09-25,0.0
2020-09-28,0.0
2020-09-29,1301.0
2020-09-30,850.0
2020-10-01,1.0
2020-10-02,0.0
2020-10-05,0.0
2020-10-06,0.0
2020-10-07,11.0
2020-10-08,212.0
2020-10-09,0.0
2020-10-12,
2020-10-13,0.0
2020-10-14,0.0
2020-10-15,1.0
2020-10-16,2.0
2020-10-19,4.0
2020-10-20,7.0
2020-10-21,0.0
2020-10-22,1.0
2020-10-23,0.0
2020-10-26,1.0
2020-10-27,0.0
2020-10-28,5.0
2020-10-29,14.0
2020-10-30,1.0
2020-11-02,0.0
2020-11-03,0.0
2020-11-04,0.0
2020-11-05,0.0
2020-11-06,0.0
2020-11-09,0.0
2020-11-10,0.0
2020-11-11,
2020-11-12,0.0
2020-11-13,3.0
2020-11-16,13.0
2020-11-17,0.0
2020-11-18,0.0
2020-11-19,2000.0
2020-11-20,0.0
2020-11-23,485.0
2020-11-24,1.0
2020-11-25,0.0
2020-11-26,
2020-11-27,0.0
2020-11-30,6.0
2020-12-01,2.0
2020-12-02,1.0
2020-12-03,0.0
2020-12-04,0.0
2020-12-07,1.0
2020-12-08,1.0
2020-12-09,3.0
2020-12-10,1.0
2020-12-11,0.0
2020-12-14,100.0
2020-12-15,1.0
2020-12-16,26.0
2020-12-17,14.0
2020-12-18,32.0
2020-12-21,435.0
2020-12-22,406.0
2020-12-23,857.0
2020-12-24,10.0
2020-12-25,
2020-12-28,901.0
2020-12-29,257.0
2020-12-30,652.0
2020-12-31,9651.0
2021-01-01,
2021-01-04,1.0
2021-01-05,5.0
2021-01-06,4.0
2021-01-07,1.0
2021-01-08,0.0
2021-01-11,0.0
2021-01-12,0.0
2021-01-13,0.0
2021-01-14,600.0
2021-01-15,0.0
2021-01-18,
2021-01-19,4.0
2021-01-20,1806.0
2021-01-21,1201.0
2021-01-22,0.0
2021-01-25,2200.0
2021-01-26,1631.0
2021-01-27,1152.0
2021-01-28,2655.0
2021-01-29,7100.0
2021-02-01,12.0
2021-02-02,11.0
2021-02-03,178.0
2021-02-04,500.0
2021-02-05,10.0
2021-02-08,2.0
2021-02-09,1.0
2021-02-10,0.0
2021-02-11,108.0
2021-02-12,1.0
2021-02-15,
2021-02-16,4.0
2021-02-17,50.0
2021-02-18,0.0
2021-02-19,2.0
2021-02-22,1100.0
2021-02-23,435.0
2021-02-24,1.0
2021-02-25,9976.0
2021-02-26,11200.0
2021-03-01,0.0
2021-03-02,5.0
2021-03-03,507.0
2021-03-04,2100.0
2021-03-05,1000.0
2021-03-08,25.0
2021-03-09,0.0
2021-03-10,100.0
2021-03-11,11051.0
2021-03-12,6800.0
2021-03-15,3.0
2021-03-16,702.0
2021-03-17,0.0
2021-03-18,26570.0
2021-03-19,18908.0
2021-03-22,22242.0
2021-03-23,19526.0
2021-03-24,21902.0
2021-03-25,10100.0
2021-03-26,11450.0
2021-03-29,40354.0
2021-03-30,104725.0
2021-03-31,134307.0
2021-04-01,
2021-04-02,
2021-04-05,3450.0
2021-04-06,18951.0
2021-04-07,35035.0
2021-04-08,27640.0
2021-04-09,31265.0
2021-04-12,30221.0
2021-04-13,37543.0
2021-04-14,50856.0
2021-04-15,28626.0
2021-04-16,39940.0
2021-04-19,53798.0
2021-04-20,67747.0
2021-04-21,81329.0
2021-04-22,102644.0
2021-04-23,73794.0
2021-04-26,100916.0
2021-04-27,142172.0
2021-04-28,166732.0
2021-04-29,173469.0
2021-04-30,183234.0
2021-05-03,129723.99999999999
2021-05-04,147806.0
2021-05-05,162800.0
2021-05-06,154921.0
2021-05-07,161856.0
2021-05-10,175548.0
2021-05-11,181753.0
2021-05-12,209257.0
2021-05-13,235217.0
2021-05-14,241185.0
2021-05-17,208960.0
2021-05-18,243470.0
2021-05-19,293998.0
2021-05-20,351121.0
2021-05-21,369046.0
2021-05-24,394941.0
2021-05-25,432955.0
2021-05-26,450283.0
2021-05-27,485329.0
2021-05-28,479498.0
2021-05-31,
2021-06-01,447985.0
2021-06-02,438778.0
2021-06-03,479102.0
2021-06-04,483349.0
2021-06-07,486097.0
2021-06-08,497428.0
2021-06-09,502904.0
2021-06-10,534943.0
2021-06-11,547808.0
2021-06-14,583892.0
2021-06-15,509559.0
2021-06-16,520942.0
2021-06-17,755800.0
2021-06-18,747121.0
2021-06-21,765141.0
2021-06-22,791605.0
2021-06-23,813650.0
2021-06-24,813048.0
2021-06-25,770830.0
2021-06-28,803019.0
2021-06-29,841246.0
2021-06-30,991939.0
2021-07-01,742647.0
2021-07-02,731504.0
2021-07-05,
2021-07-06,772581.0
2021-07-07,785720.0
2021-07-08,793399.0
2021-07-09,780596.0
2021-07-12,776472.0
2021-07-13,798267.0
2021-07-14,859975.0
2021-07-15,776261.0
2021-07-16,817566.0
2021-07-19,860468.0
2021-07-20,848102.0
2021-07-21,886206.0
2021-07-22,898197.0
2021-07-23,877251.0
2021-07-26,891203.0
2021-07-27,927419.0
2021-07-28,965189.0
2021-07-29,987283.0
2021-07-30,1039394.0
2021-08-02,921317.0
2021-08-03,909442.0
2021-08-04,931755.0
2021-08-05,944335.0
2021-08-06,952134.0
2021-08-09,981765.0
2021-08-10,998654.0
2021-08-11,1000460.0
2021-08-12,1087342.0
2021-08-13,1050941.0
2021-08-16,1036417.9999999999
2021-08-17,1053454.0
2021-08-18,1115656.0
2021-08-19,1109938.0
2021-08-20,1111905.0
2021-08-23,1135697.0
2021-08-24,1129737.0
2021-08-25,1147089.0
2021-08-26,1091792.0
2021-08-27,1120015.0
2021-08-30,1140711.0
2021-08-31,1189616.0
2021-09-01,1084115.0
2021-09-02,1066987.0
2021-09-03,1074707.0
2021-09-06,
2021-09-07,1079945.0
2021-09-08,1115229.0
2021-09-09,1107659.0
2021-09-10,1099323.0
2021-09-13,1087108.0
2021-09-14,1169280.0
2021-09-15,1081342.0
2021-09-16,1147494.0
2021-09-17,1218303.0
2021-09-20,1224289.0
2021-09-21,1240494.0
2021-09-22,1283281.0
2021-09-23,1352483.0
2021-09-24,1313657.0
2021-09-27,1297050.0
2021-09-28,1365185.0
2021-09-29,1415840.0
2021-09-30,1604881.0
2021-10-01,1385991.0
2021-10-04,1399173.0
2021-10-05,1431180.0
2021-10-06,1451175.0
2021-10-07,1375863.0
2021-10-08,1371958.0
2021-10-11,
2021-10-12,1367051.0
2021-10-13,1364701.0
2021-10-14,1445660.0
2021-10-15,1462297.0
2021-10-18,1477114.0
2021-10-19,1470739.0
2021-10-20,1493961.0
2021-10-21,1458605.0
2021-10-22,1403020.0
2021-10-25,1413188.0
2021-10-26,1423198.0
2021-10-27,1433370.0
2021-10-28,1384684.0
2021-10-29,1502296.0
2021-11-01,1358606.0
2021-11-02,1329913.0
2021-11-03,1343985.0
2021-11-04,1348539.0
2021-11-05,1354059.0
2021-11-08,1354382.0
2021-11-09,1377197.0
2021-11-10,1448623.0
2021-11-11,
2021-11-12,1417643.0
2021-11-15,1391657.0
2021-11-16,1466857.0
2021-11-17,1520000.0
2021-11-18,1584097.0
2021-11-19,1575384.0
2021-11-22,1573769.0
2021-11-23,1571980.0
2021-11-24,1452897.0
2021-11-25,
2021-11-26,1451108.0
2021-11-29,1459339.0
2021-11-30,1517956.0
2021-12-01,1427347.0
2021-12-02,1448585.0
2021-12-03,1475464.0
2021-12-06,1487996.0
2021-12-07,1455038.0
2021-12-08,1484192.0
2021-12-09,1500027.0
2021-12-10,1507147.0
2021-12-13,1599768.0
2021-12-14,1584488.0
2021-12-15,1621097.0
2021-12-16,1657626.0
2021-12-17,1704586.0
2021-12-20,1758041.0
2021-12-21,1748285.0
2021-12-22,1699277.0
2021-12-23,1577780.0
2021-12-24,
2021-12-27,1580347.0
2021-12-28,1637064.0
2021-12-29,1642506.0
2021-12-30,1696476.0
2021-12-31,1904582.0
2022-01-03,1579526.0
2022-01-04,1495692.0
2022-01-05,1492787.0
2022-01-06,1510553.0
2022-01-07,1530096.0
2022-01-10,1560421.0
2022-01-11,1527020.0
2022-01-12,1536981.0
2022-01-13,1636742.0
2022-01-14,1598887.0
2022-01-17,
2022-01-18,1597137.0
2022-01-19,1656576.0
2022-01-20,1678931.0
2022-01-21,1706127.0
2022-01-24,1614002.0
2022-01-25,1599502.0
2022-01-26,1613046.0
2022-01-27,1583895.0
2022-01-28,1615021.0
2022-01-31,1654850.0
2022-02-01,1584109.0
2022-02-02,1626895.0
2022-02-03,1640397.0
2022-02-04,1642892.0
2022-02-07,1679932.0
2022-02-08,1674610.0
2022-02-09,1653153.0
2022-02-10,1634146.0
2022-02-11,1635826.0
2022-02-14,1666232.0
2022-02-15,1608494.0
2022-02-16,1644134.0
2022-02-17,1647202.0
2022-02-18,1674929.0
2022-02-21,
2022-02-22,1699432.0
2022-02-23,1738322.0
2022-02-24,1650399.0
2022-02-25,1603349.0
2022-02-28,1596052.0
2022-03-01,1552950.0
2022-03-02,1526211.0
2022-03-03,1533992.0
2022-03-04,1483061.0
2022-03-07,1461227.0
2022-03-08,1525099.0
2022-03-09,1542504.0
2022-03-10,1568735.0
2022-03-11,1557823.0
2022-03-14,1608021.0
2022-03-15,1583471.0
2022-03-16,1613637.0
2022-03-17,1659977.0
2022-03-18,1715148.0
2022-03-21,1728893.0
2022-03-22,1763183.0
2022-03-23,1803186.0
2022-03-24,1707655.0
2022-03-25,1676974.0
2022-03-28,1688632.0
2022-03-29,1718870.0
2022-03-30,1785939.0
2022-03-31,1871970.0
2022-04-01,1666063.0
2022-04-04,1692936.0
2022-04-05,1710834.0
2022-04-06,1731472.0
2022-04-07,1734424.0
2022-04-08,1750498.0
2022-04-11,1758958.0
2022-04-12,1710414.0
2022-04-13,1815555.0
2022-04-14,1706935.0
2022-04-15,
2022-04-18,1738379.0
2022-04-19,1817292.0
2022-04-20,1866560.0
2022-04-21,1854700.0
2022-04-22,1765031.0
2022-04-25,1783609.0
2022-04-26,1819343.0
2022-04-27,1803162.0
2022-04-28,1818416.0
2022-04-29,1906802.0
2022-05-02,1796302.0
2022-05-03,1796252.0
2022-05-04,1815656.0
2022-05-05,1844762.0
2022-05-06,1861866.0
2022-05-09,1858995.0
2022-05-10,1864225.0
2022-05-11,1876119.0
2022-05-12,1900069.0
2022-05-13,1865287.0
2022-05-16,1833152.0
2022-05-17,1877483.0
2022-05-18,1973373.0
2022-05-19,1981005.0
2022-05-20,1987987.0
2022-05-23,2044658.0
2022-05-24,1987865.0
2022-05-25,1995750.0
2022-05-26,2007702.0
2022-05-27,2006688.0
2022-05-30,
2022-05-31,1978538.0
2022-06-01,1965015.0
2022-06-02,1985239.0
2022-06-03,2031228.0
2022-06-06,2040093.0
2022-06-07,2091395.0
2022-06-08,2140277.0
2022-06-09,2142318.0
2022-06-10,2162885.0
2022-06-13,2212620.0
2022-06-14,2223857.0
2022-06-15,2162924.0
2022-06-16,2178382.0
2022-06-17,2229279.0
2022-06-20,
2022-06-21,2188627.0
2022-06-22,2259458.0
2022-06-23,2285442.0
2022-06-24,2180984.0
2022-06-27,2155942.0
2022-06-28,2213784.0
2022-06-29,2226976.0
2022-06-30,2329743.0
2022-07-01,2167085.0
2022-07-04,
2022-07-05,2138280.0
2022-07-06,2168026.0
2022-07-07,2172457.0
2022-07-08,2144921.0
2022-07-11,2164266.0
2022-07-12,2146132.0
2022-07-13,2155290.0
2022-07-14,2207121.0
2022-07-15,2153750.0
2022-07-18,2190375.0
2022-07-19,2211821.0
2022-07-20,2240204.0
2022-07-21,2271756.0
2022-07-22,2228959.0
2022-07-25,2192367.0
2022-07-26,2189474.0
2022-07-27,2188994.0
2022-07-28,2239883.0
2022-07-29,2300200.0
2022-08-01,2161885.0
2022-08-02,2156013.0
2022-08-03,2182238.0
2022-08-04,2191546.0
2022-08-05,2194927.0
2022-08-08,2195692.0
2022-08-09,2186568.0
2022-08-10,2177646.0
2022-08-11,2199247.0
2022-08-12,2213193.0
2022-08-15,2175857.0
2022-08-16,2165332.0
2022-08-17,2199631.0
2022-08-18,2218161.0
2022-08-19,2221680.0
2022-08-22,2235665.0
2022-08-23,2250718.0
2022-08-24,2237072.0
2022-08-25,2187907.0
2022-08-26,2182452.0
2022-08-29,2205188.0
2022-08-30,2188975.0
2022-08-31,2251025.0
2022-09-01,2173156.0
2022-09-02,2173413.0
2022-09-05,
2022-09-06,2188796.0
2022-09-07,2206987.0
2022-09-08,2210466.0
2022-09-09,2209714.0
2022-09-12,2218546.0
2022-09-13,2202719.0
2022-09-14,2225579.0
2022-09-15,2176188.0
2022-09-16,2186833.0
2022-09-19,2217542.0
2022-09-20,2238870.0
2022-09-21,2315900.0
2022-09-22,2359227.0
2022-09-23,2319361.0
2022-09-26,2299011.0
2022-09-27,2327111.0
2022-09-28,2366798.0
2022-09-29,2371763.0
2022-09-30,2425910.0
2022-10-03,2252523.0
2022-10-04,2233616.0
2022-10-05,2230799.0
2022-10-06,2232801.0
2022-10-07,2226950.0
2022-10-10,
2022-10-11,2222479.0
2022-10-12,2247206.0
2022-10-13,2244100.0
2022-10-14,2222052.0
2022-10-17,2172301.0
2022-10-18,2226725.0
2022-10-19,2241835.0
2022-10-20,2234071.0
2022-10-21,2265809.0
2022-10-24,2242044.0
2022-10-25,2195616.0
2022-10-26,2186856.0
2022-10-27,2152485.0
2022-10-28,2183290.0
2022-10-31,2275459.0
2022-11-01,2200510.0
2022-11-02,2229861.0
2022-11-03,2219791.0
2022-11-04,2230840.0
2022-11-07,2241317.0
2022-11-08,2232555.0
2022-11-09,2237812.0
2022-11-10,2200586.0
2022-11-11,
2022-11-14,2165018.0
2022-11-15,2086574.0
2022-11-16,2099070.0
2022-11-17,2114439.0
2022-11-18,2113413.0
2022-11-21,2125426.0
2022-11-22,2103932.0
2022-11-23,2069174.0
2022-11-24,
2022-11-25,2031066.0
2022-11-28,2054914.0000000002
2022-11-29,2064377.0
2022-11-30,2115913.0
2022-12-01,2050286.0
2022-12-02,2049763.0
2022-12-05,2093647.0
2022-12-06,2111465.0
2022-12-07,2151549.0
2022-12-08,2175973.0
2022-12-09,2146748.0
2022-12-12,2158517.0
2022-12-13,2180676.0
2022-12-14,2192864.0
2022-12-15,2123995.0
2022-12-16,2126540.0
2022-12-19,2134765.0
2022-12-20,2159408.0
2022-12-21,2206965.0
2022-12-22,2222898.0
2022-12-23,2216348.0
2022-12-26,
2022-12-27,2221259.0
2022-12-28,2293003.0
2022-12-29,2308319.0
2022-12-30,2553716.0
2023-01-02,
2023-01-03,2188272.0
2023-01-04,2229542.0
2023-01-05,2242486.0
2023-01-06,2208265.0
2023-01-09,2199121.0
2023-01-10,2192942.0
2023-01-11,2199170.0
2023-01-12,2202989.0
2023-01-13,2179781.0
2023-01-16,
2023-01-17,2093328.0
2023-01-18,2131678.0
2023-01-19,2110145.0
2023-01-20,2090523.0000000002
2023-01-23,2135499.0
2023-01-24,2048386.0
2023-01-25,2031561.0
2023-01-26,2024069.0
2023-01-27,2003634.0
2023-01-30,2048714.0
2023-01-31,2061572.0
2023-02-01,2038262.0
2023-02-02,2050063.0
2023-02-03,2041217.0
2023-02-06,2072261.0
2023-02-07,2057958.0
2023-02-08,2059603.9999999998
2023-02-09,2058942.0
2023-02-10,2042893.0
2023-02-13,2107775.0
2023-02-14,2076547.9999999998
2023-02-15,2011998.0
2023-02-16,2032457.0
2023-02-17,2059661.9999999998
2023-02-20,
2023-02-21,2046064.0
2023-02-22,2113849.0
2023-02-23,2147417.0
2023-02-24,2142141.0
2023-02-27,2162435.0
2023-02-28,2188035.0
2023-03-01,2133950.0
2023-03-02,2192355.0
2023-03-03,2186150.0
2023-03-06,2190793.0
2023-03-07,2170195.0
2023-03-08,2193237.0
2023-03-09,2229623.0
2023-03-10,2188375.0
2023-03-13,2126677.0
2023-03-14,2042579.0
2023-03-15,2055822.9999999998
2023-03-16,2066319.0
2023-03-17,2106166.0
2023-03-20,2098393.0
2023-03-21,2194631.0
2023-03-22,2279608.0
2023-03-23,2233956.0
2023-03-24,2218458.0
2023-03-27,2220131.0
2023-03-28,2231749.0
2023-03-29,2264862.0
2023-03-30,2271531.0
2023-03-31,2375171.0
2023-04-03,2221010.0
2023-04-04,2219375.0
2023-04-05,2243011.0
2023-04-06,2173663.0
2023-04-07,
2023-04-10,2239655.0
2023-04-11,2297208.0
2023-04-12,2303862.0
2023-04-13,2321699.0
2023-04-14,2253786.0
2023-04-17,2256845.0
2023-04-18,2238994.0
2023-04-19,2294677.0
2023-04-20,2277259.0
2023-04-21,2290023.0
2023-04-24,2308538.0
2023-04-25,2275402.0
2023-04-26,2279561.0
2023-04-27,2273926.0
2023-04-28,2325479.0
2023-05-01,2239866.0
2023-05-02,2267130.0
2023-05-03,2258222.0
2023-05-04,2242399.0
2023-05-05,2207415.0
2023-05-08,2217601.0
2023-05-09,2222864.0
2023-05-10,2233149.0
2023-05-11,2242243.0
2023-05-12,2229199.0
2023-05-15,2220927.0
2023-05-16,2203214.0
2023-05-17,2213676.0
2023-05-18,2238266.0
2023-05-19,2276720.0
2023-05-22,2275311.0
2023-05-23,2256689.0
2023-05-24,2250709.0
2023-05-25,2197638.0
2023-05-26,2189681.0
2023-05-29,
2023-05-30,2200479.0
2023-05-31,2254859.0
2023-06-01,2160055.0
2023-06-02,2142102.0
2023-06-05,2131417.0
2023-06-06,2134638.0
2023-06-07,2161556.0
2023-06-08,2141798.0
2023-06-09,2127652.0
2023-06-12,2126870.0
2023-06-13,2074520.0
2023-06-14,2109105.0
2023-06-15,1992140.0
2023-06-16,2011556.0
2023-06-19,
2023-06-20,1989489.0
2023-06-21,2037102.0
2023-06-22,1994711.0
2023-06-23,1969380.0
2023-06-26,1961027.0
2023-06-27,1951098.0
2023-06-28,1945211.0
2023-06-29,1934684.0
2023-06-30,2034319.0
2023-07-03,1909639.0
2023-07-04,
2023-07-05,1867061.0
2023-07-06,1854256.0
2023-07-07,1822303.0
2023-07-10,1811981.0
2023-07-11,1775796.0
2023-07-12,1820146.0
2023-07-13,1767432.0
2023-07-14,1740777.0
2023-07-17,1728322.0
2023-07-18,1716862.0
2023-07-19,1732804.0
2023-07-20,1721001.0
2023-07-21,1770752.0
2023-07-24,1770867.0
2023-07-25,1720716.0
2023-07-26,1749733.0
2023-07-27,1735783.0
2023-07-28,1730227.0
2023-07-31,1821124.0
2023-08-01,1739554.0
2023-08-02,1770186.0
2023-08-03,1776774.0
2023-08-04,1793804.0
